{
 "fields": {
  "date": "2017-12-14",
  "tax": "9",
  "total": "1743.27",
  "invoice-no": "BLR\/GST\/6541",
  "net-amount": "2057.05",
  "name": "HPI382675",
  "items": [
   {
    "description": "HP 951XL Magenta Ink Crtdg.",
    "unit-price": "1743.27",
    "quantity": "1",
    "line-amount": "1743.27"
   }
  ],
  "language": ""
 },
 "fname": "training_dataset_qwerty-labelledset-demoset-5111920018-in97-2018-blrgst6541.tiff.jpg",
 "lines": [
  "Tax Invoice (OR\/GINAL FOR RECIPIENT)",
  "Tax Invoice Cum Delivery Note",
  "Invoice No. e-Sugam No. Dated",
  "BLR\/GST\/6541 14-Dec-2017",
  "Delivery Note Mode\/Terms of Payment",
  "Supplier's Ref. Other Reference(s)",
  "Buyer's Order No. Dated",
  "HPI382675 14-Dec-2017",
  "Despatch Document No. Delivery Note Date",
  "Despatched through Destination",
  "Terms of Delivery",
  "SI Description of Goods HSN\/SAC Part No. Quantity Rate per Disc. % Amount",
  "No.",
  "1 HP 951XL Magenta Ink Crtdg. 8443 CN047AA 1 Nos 1,743.27 Nos 1,743.27",
  "20097665\/CN4CPCV1B7",
  "OUTPUT CGST @ 9% 9 % 156.89",
  "OUTPUT SGST @ 9% 9 % 156.89",
  "Total 1 Nos R 2,057.05",
  "Amount Chargeable (in words) E. & O.E",
  "INR Two Thousand Fifty Seven and Five paise Only",
  "HSN\/SAC Taxable Central Tax State Tax Total",
  "Value Rate Amount Rate Amount Tax Amount",
  "8443 1,743.27 9% 156.89 9% 156.89 313.78",
  "Total 1,743.27 156.89 156.89 313.78",
  "Tax Amount (in words) irteen and Seventy Eight paise Only: 0",
  "FdP| India",
  "1 5 JAN 2018",
  "Company's PAN 7807",
  "Declaration",
  "We declare that this invoice sshows the actual price of the for Alpha R ions",
  "goods described and that all particulars are true and",
  "correct",
  "atory",
  "This is a Computer Generated Invoice"
 ],
 "line_tags": [
  "",
  "",
  "",
  "invoice-no",
  "",
  "",
  "",
  "name",
  "",
  "",
  "",
  "",
  "",
  "line-amount",
  "",
  "",
  "",
  "net-amount",
  "",
  "",
  "",
  "",
  "tax",
  "total",
  "",
  "",
  "",
  "",
  "",
  "",
  "",
  "",
  "",
  ""
 ],
 "words": [
  [
   {
    "boundingPoly": {
     "vertices": [
      {
       "x": 1049,
       "y": 37
      },
      {
       "x": 1127,
       "y": 37
      },
      {
       "x": 1127,
       "y": 76
      },
      {
       "x": 1049,
       "y": 76
      }
     ]
    },
    "description": "Tax",
    "score": 0.99,
    "line": 0,
    "__imgscaled": true,
    "x": 1049,
    "y": 37,
    "height": 39,
    "tag": ""
   },
   {
    "boundingPoly": {
     "vertices": [
      {
       "x": 1131,
       "y": 38
      },
      {
       "x": 1276,
       "y": 38
      },
      {
       "x": 1276,
       "y": 76
      },
      {
       "x": 1131,
       "y": 76
      }
     ]
    },
    "description": "Invoice",
    "score": 0.99,
    "line": 0,
    "__imgscaled": true,
    "x": 1131,
    "y": 38,
    "height": 38,
    "tag": ""
   },
   {
    "boundingPoly": {
     "vertices": [
      {
       "x": 1573,
       "y": 33
      },
      {
       "x": 1732,
       "y": 33
      },
      {
       "x": 1732,
       "y": 71
      },
      {
       "x": 1573,
       "y": 71
      }
     ]
    },
    "description": "(OR\/GINAL",
    "score": 0.89,
    "line": 0,
    "__imgscaled": true,
    "x": 1573,
    "y": 33,
    "height": 38,
    "tag": ""
   },
   {
    "boundingPoly": {
     "vertices": [
      {
       "x": 1737,
       "y": 33
      },
      {
       "x": 1809,
       "y": 33
      },
      {
       "x": 1809,
       "y": 65
      },
      {
       "x": 1737,
       "y": 65
      }
     ]
    },
    "description": "FOR",
    "score": 0.99,
    "line": 0,
    "__imgscaled": true,
    "x": 1737,
    "y": 33,
    "height": 32,
    "tag": ""
   },
   {
    "boundingPoly": {
     "vertices": [
      {
       "x": 1809,
       "y": 33
      },
      {
       "x": 1988,
       "y": 33
      },
      {
       "x": 1988,
       "y": 71
      },
      {
       "x": 1809,
       "y": 71
      }
     ]
    },
    "description": "RECIPIENT)",
    "score": 0.99,
    "line": 0,
    "__imgscaled": true,
    "x": 1809,
    "y": 33,
    "height": 38,
    "tag": ""
   }
  ],
  [
   {
    "boundingPoly": {
     "vertices": [
      {
       "x": 950,
       "y": 83
      },
      {
       "x": 1008,
       "y": 83
      },
      {
       "x": 1008,
       "y": 114
      },
      {
       "x": 950,
       "y": 114
      }
     ]
    },
    "description": "Tax",
    "score": 0.99,
    "line": 1,
    "__imgscaled": true,
    "x": 950,
    "y": 83,
    "height": 31,
    "tag": ""
   },
   {
    "boundingPoly": {
     "vertices": [
      {
       "x": 1010,
       "y": 83
      },
      {
       "x": 1112,
       "y": 83
      },
      {
       "x": 1112,
       "y": 114
      },
      {
       "x": 1010,
       "y": 114
      }
     ]
    },
    "description": "Invoice",
    "score": 0.99,
    "line": 1,
    "__imgscaled": true,
    "x": 1010,
    "y": 83,
    "height": 31,
    "tag": ""
   },
   {
    "boundingPoly": {
     "vertices": [
      {
       "x": 1115,
       "y": 83
      },
      {
       "x": 1184,
       "y": 83
      },
      {
       "x": 1184,
       "y": 114
      },
      {
       "x": 1115,
       "y": 114
      }
     ]
    },
    "description": "Cum",
    "score": 0.99,
    "line": 1,
    "__imgscaled": true,
    "x": 1115,
    "y": 83,
    "height": 31,
    "tag": ""
   },
   {
    "boundingPoly": {
     "vertices": [
      {
       "x": 1188,
       "y": 83
      },
      {
       "x": 1302,
       "y": 83
      },
      {
       "x": 1302,
       "y": 120
      },
      {
       "x": 1188,
       "y": 120
      }
     ]
    },
    "description": "Delivery",
    "score": 0.99,
    "line": 1,
    "__imgscaled": true,
    "x": 1188,
    "y": 83,
    "height": 37,
    "tag": ""
   },
   {
    "boundingPoly": {
     "vertices": [
      {
       "x": 1305,
       "y": 83
      },
      {
       "x": 1376,
       "y": 83
      },
      {
       "x": 1376,
       "y": 114
      },
      {
       "x": 1305,
       "y": 114
      }
     ]
    },
    "description": "Note",
    "score": 0.99,
    "line": 1,
    "__imgscaled": true,
    "x": 1305,
    "y": 83,
    "height": 31,
    "tag": ""
   }
  ],
  [
   {
    "boundingPoly": {
     "vertices": [
      {
       "x": 1185,
       "y": 160
      },
      {
       "x": 1285,
       "y": 160
      },
      {
       "x": 1285,
       "y": 187
      },
      {
       "x": 1185,
       "y": 187
      }
     ]
    },
    "description": "Invoice",
    "score": 0.97,
    "line": 2,
    "__imgscaled": true,
    "x": 1185,
    "y": 160,
    "height": 27,
    "tag": ""
   },
   {
    "boundingPoly": {
     "vertices": [
      {
       "x": 1289,
       "y": 156
      },
      {
       "x": 1340,
       "y": 156
      },
      {
       "x": 1340,
       "y": 188
      },
      {
       "x": 1289,
       "y": 188
      }
     ]
    },
    "description": "No.",
    "score": 0.99,
    "line": 2,
    "__imgscaled": true,
    "x": 1289,
    "y": 156,
    "height": 32,
    "tag": ""
   },
   {
    "boundingPoly": {
     "vertices": [
      {
       "x": 1405,
       "y": 158
      },
      {
       "x": 1530,
       "y": 158
      },
      {
       "x": 1530,
       "y": 196
      },
      {
       "x": 1405,
       "y": 196
      }
     ]
    },
    "description": "e-Sugam",
    "score": 0.99,
    "line": 2,
    "__imgscaled": true,
    "x": 1405,
    "y": 158,
    "height": 38,
    "tag": ""
   },
   {
    "boundingPoly": {
     "vertices": [
      {
       "x": 1534,
       "y": 158
      },
      {
       "x": 1581,
       "y": 158
      },
      {
       "x": 1581,
       "y": 191
      },
      {
       "x": 1534,
       "y": 191
      }
     ]
    },
    "description": "No.",
    "score": 0.99,
    "line": 2,
    "__imgscaled": true,
    "x": 1534,
    "y": 158,
    "height": 33,
    "tag": ""
   },
   {
    "boundingPoly": {
     "vertices": [
      {
       "x": 1598,
       "y": 157
      },
      {
       "x": 1684,
       "y": 157
      },
      {
       "x": 1684,
       "y": 188
      },
      {
       "x": 1598,
       "y": 188
      }
     ]
    },
    "description": "Dated",
    "score": 0.99,
    "line": 2,
    "__imgscaled": true,
    "x": 1598,
    "y": 157,
    "height": 31,
    "tag": ""
   }
  ],
  [
   {
    "boundingPoly": {
     "vertices": [
      {
       "x": 1183,
       "y": 204
      },
      {
       "x": 1372,
       "y": 204
      },
      {
       "x": 1372,
       "y": 239
      },
      {
       "x": 1183,
       "y": 239
      }
     ]
    },
    "description": "BLR\/GST\/6541",
    "score": 0.63,
    "line": 3,
    "__imgscaled": true,
    "x": 1183,
    "y": 204,
    "height": 35,
    "tag": "invoice-no"
   },
   {
    "boundingPoly": {
     "vertices": [
      {
       "x": 1597,
       "y": 204
      },
      {
       "x": 1800,
       "y": 204
      },
      {
       "x": 1800,
       "y": 239
      },
      {
       "x": 1597,
       "y": 239
      }
     ]
    },
    "description": "14-Dec-2017",
    "score": 0.99,
    "line": 3,
    "__imgscaled": true,
    "x": 1597,
    "y": 204,
    "height": 35,
    "tag": "date"
   }
  ],
  [
   {
    "boundingPoly": {
     "vertices": [
      {
       "x": 1183,
       "y": 244
      },
      {
       "x": 1300,
       "y": 244
      },
      {
       "x": 1300,
       "y": 283
      },
      {
       "x": 1183,
       "y": 283
      }
     ]
    },
    "description": "Delivery",
    "score": 0.99,
    "line": 4,
    "__imgscaled": true,
    "x": 1183,
    "y": 244,
    "height": 39,
    "tag": ""
   },
   {
    "boundingPoly": {
     "vertices": [
      {
       "x": 1302,
       "y": 245
      },
      {
       "x": 1373,
       "y": 245
      },
      {
       "x": 1373,
       "y": 276
      },
      {
       "x": 1302,
       "y": 276
      }
     ]
    },
    "description": "Note",
    "score": 0.99,
    "line": 4,
    "__imgscaled": true,
    "x": 1302,
    "y": 245,
    "height": 31,
    "tag": ""
   },
   {
    "boundingPoly": {
     "vertices": [
      {
       "x": 1597,
       "y": 244
      },
      {
       "x": 1774,
       "y": 244
      },
      {
       "x": 1774,
       "y": 276
      },
      {
       "x": 1597,
       "y": 276
      }
     ]
    },
    "description": "Mode\/Terms",
    "score": 0.99,
    "line": 4,
    "__imgscaled": true,
    "x": 1597,
    "y": 244,
    "height": 32,
    "tag": ""
   },
   {
    "boundingPoly": {
     "vertices": [
      {
       "x": 1777,
       "y": 246
      },
      {
       "x": 1811,
       "y": 246
      },
      {
       "x": 1811,
       "y": 276
      },
      {
       "x": 1777,
       "y": 276
      }
     ]
    },
    "description": "of",
    "score": 0.99,
    "line": 4,
    "__imgscaled": true,
    "x": 1777,
    "y": 246,
    "height": 30,
    "tag": ""
   },
   {
    "boundingPoly": {
     "vertices": [
      {
       "x": 1813,
       "y": 245
      },
      {
       "x": 1936,
       "y": 245
      },
      {
       "x": 1936,
       "y": 281
      },
      {
       "x": 1813,
       "y": 281
      }
     ]
    },
    "description": "Payment",
    "score": 0.99,
    "line": 4,
    "__imgscaled": true,
    "x": 1813,
    "y": 245,
    "height": 36,
    "tag": ""
   }
  ],
  [
   {
    "boundingPoly": {
     "vertices": [
      {
       "x": 1185,
       "y": 333
      },
      {
       "x": 1321,
       "y": 333
      },
      {
       "x": 1321,
       "y": 371
      },
      {
       "x": 1185,
       "y": 371
      }
     ]
    },
    "description": "Supplier's",
    "score": 0.99,
    "line": 5,
    "__imgscaled": true,
    "x": 1185,
    "y": 333,
    "height": 38,
    "tag": ""
   },
   {
    "boundingPoly": {
     "vertices": [
      {
       "x": 1325,
       "y": 332
      },
      {
       "x": 1386,
       "y": 332
      },
      {
       "x": 1386,
       "y": 365
      },
      {
       "x": 1325,
       "y": 365
      }
     ]
    },
    "description": "Ref.",
    "score": 0.99,
    "line": 5,
    "__imgscaled": true,
    "x": 1325,
    "y": 332,
    "height": 33,
    "tag": ""
   },
   {
    "boundingPoly": {
     "vertices": [
      {
       "x": 1598,
       "y": 332
      },
      {
       "x": 1680,
       "y": 332
      },
      {
       "x": 1680,
       "y": 364
      },
      {
       "x": 1598,
       "y": 364
      }
     ]
    },
    "description": "Other",
    "score": 0.99,
    "line": 5,
    "__imgscaled": true,
    "x": 1598,
    "y": 332,
    "height": 32,
    "tag": ""
   },
   {
    "boundingPoly": {
     "vertices": [
      {
       "x": 1682,
       "y": 334
      },
      {
       "x": 1865,
       "y": 334
      },
      {
       "x": 1865,
       "y": 370
      },
      {
       "x": 1682,
       "y": 370
      }
     ]
    },
    "description": "Reference(s)",
    "score": 0.99,
    "line": 5,
    "__imgscaled": true,
    "x": 1682,
    "y": 334,
    "height": 36,
    "tag": ""
   }
  ],
  [
   {
    "boundingPoly": {
     "vertices": [
      {
       "x": 1184,
       "y": 421
      },
      {
       "x": 1290,
       "y": 421
      },
      {
       "x": 1290,
       "y": 456
      },
      {
       "x": 1184,
       "y": 456
      }
     ]
    },
    "description": "Buyer's",
    "score": 0.99,
    "line": 6,
    "__imgscaled": true,
    "x": 1184,
    "y": 421,
    "height": 35,
    "tag": ""
   },
   {
    "boundingPoly": {
     "vertices": [
      {
       "x": 1293,
       "y": 420
      },
      {
       "x": 1378,
       "y": 420
      },
      {
       "x": 1378,
       "y": 452
      },
      {
       "x": 1293,
       "y": 452
      }
     ]
    },
    "description": "Order",
    "score": 0.99,
    "line": 6,
    "__imgscaled": true,
    "x": 1293,
    "y": 420,
    "height": 32,
    "tag": ""
   },
   {
    "boundingPoly": {
     "vertices": [
      {
       "x": 1379,
       "y": 420
      },
      {
       "x": 1432,
       "y": 420
      },
      {
       "x": 1432,
       "y": 453
      },
      {
       "x": 1379,
       "y": 453
      }
     ]
    },
    "description": "No.",
    "score": 0.99,
    "line": 6,
    "__imgscaled": true,
    "x": 1379,
    "y": 420,
    "height": 33,
    "tag": ""
   },
   {
    "boundingPoly": {
     "vertices": [
      {
       "x": 1598,
       "y": 421
      },
      {
       "x": 1684,
       "y": 421
      },
      {
       "x": 1684,
       "y": 452
      },
      {
       "x": 1598,
       "y": 452
      }
     ]
    },
    "description": "Dated",
    "score": 0.99,
    "line": 6,
    "__imgscaled": true,
    "x": 1598,
    "y": 421,
    "height": 31,
    "tag": ""
   }
  ],
  [
   {
    "boundingPoly": {
     "vertices": [
      {
       "x": 1186,
       "y": 469
      },
      {
       "x": 1359,
       "y": 469
      },
      {
       "x": 1359,
       "y": 504
      },
      {
       "x": 1186,
       "y": 504
      }
     ]
    },
    "description": "HPI382675",
    "score": 0.98,
    "line": 7,
    "__imgscaled": true,
    "x": 1186,
    "y": 469,
    "height": 35,
    "tag": "name"
   },
   {
    "boundingPoly": {
     "vertices": [
      {
       "x": 1596,
       "y": 469
      },
      {
       "x": 1801,
       "y": 469
      },
      {
       "x": 1801,
       "y": 504
      },
      {
       "x": 1596,
       "y": 504
      }
     ]
    },
    "description": "14-Dec-2017",
    "score": 0.99,
    "line": 7,
    "__imgscaled": true,
    "x": 1596,
    "y": 469,
    "height": 35,
    "tag": ""
   }
  ],
  [
   {
    "boundingPoly": {
     "vertices": [
      {
       "x": 1185,
       "y": 510
      },
      {
       "x": 1319,
       "y": 510
      },
      {
       "x": 1319,
       "y": 545
      },
      {
       "x": 1185,
       "y": 545
      }
     ]
    },
    "description": "Despatch",
    "score": 0.99,
    "line": 8,
    "__imgscaled": true,
    "x": 1185,
    "y": 510,
    "height": 35,
    "tag": ""
   },
   {
    "boundingPoly": {
     "vertices": [
      {
       "x": 1322,
       "y": 509
      },
      {
       "x": 1468,
       "y": 509
      },
      {
       "x": 1468,
       "y": 541
      },
      {
       "x": 1322,
       "y": 541
      }
     ]
    },
    "description": "Document",
    "score": 0.99,
    "line": 8,
    "__imgscaled": true,
    "x": 1322,
    "y": 509,
    "height": 32,
    "tag": ""
   },
   {
    "boundingPoly": {
     "vertices": [
      {
       "x": 1471,
       "y": 510
      },
      {
       "x": 1522,
       "y": 510
      },
      {
       "x": 1522,
       "y": 541
      },
      {
       "x": 1471,
       "y": 541
      }
     ]
    },
    "description": "No.",
    "score": 0.99,
    "line": 8,
    "__imgscaled": true,
    "x": 1471,
    "y": 510,
    "height": 31,
    "tag": ""
   },
   {
    "boundingPoly": {
     "vertices": [
      {
       "x": 1601,
       "y": 510
      },
      {
       "x": 1715,
       "y": 510
      },
      {
       "x": 1715,
       "y": 545
      },
      {
       "x": 1601,
       "y": 545
      }
     ]
    },
    "description": "Delivery",
    "score": 0.99,
    "line": 8,
    "__imgscaled": true,
    "x": 1601,
    "y": 510,
    "height": 35,
    "tag": ""
   },
   {
    "boundingPoly": {
     "vertices": [
      {
       "x": 1718,
       "y": 509
      },
      {
       "x": 1788,
       "y": 509
      },
      {
       "x": 1788,
       "y": 541
      },
      {
       "x": 1718,
       "y": 541
      }
     ]
    },
    "description": "Note",
    "score": 0.99,
    "line": 8,
    "__imgscaled": true,
    "x": 1718,
    "y": 509,
    "height": 32,
    "tag": ""
   },
   {
    "boundingPoly": {
     "vertices": [
      {
       "x": 1790,
       "y": 509
      },
      {
       "x": 1861,
       "y": 509
      },
      {
       "x": 1861,
       "y": 541
      },
      {
       "x": 1790,
       "y": 541
      }
     ]
    },
    "description": "Date",
    "score": 0.99,
    "line": 8,
    "__imgscaled": true,
    "x": 1790,
    "y": 509,
    "height": 32,
    "tag": ""
   }
  ],
  [
   {
    "boundingPoly": {
     "vertices": [
      {
       "x": 1184,
       "y": 597
      },
      {
       "x": 1353,
       "y": 597
      },
      {
       "x": 1353,
       "y": 635
      },
      {
       "x": 1184,
       "y": 635
      }
     ]
    },
    "description": "Despatched",
    "score": 0.99,
    "line": 9,
    "__imgscaled": true,
    "x": 1184,
    "y": 597,
    "height": 38,
    "tag": ""
   },
   {
    "boundingPoly": {
     "vertices": [
      {
       "x": 1356,
       "y": 598
      },
      {
       "x": 1468,
       "y": 598
      },
      {
       "x": 1468,
       "y": 634
      },
      {
       "x": 1356,
       "y": 634
      }
     ]
    },
    "description": "through",
    "score": 0.99,
    "line": 9,
    "__imgscaled": true,
    "x": 1356,
    "y": 598,
    "height": 36,
    "tag": ""
   },
   {
    "boundingPoly": {
     "vertices": [
      {
       "x": 1600,
       "y": 598
      },
      {
       "x": 1756,
       "y": 598
      },
      {
       "x": 1756,
       "y": 628
      },
      {
       "x": 1600,
       "y": 628
      }
     ]
    },
    "description": "Destination",
    "score": 0.99,
    "line": 9,
    "__imgscaled": true,
    "x": 1600,
    "y": 598,
    "height": 30,
    "tag": ""
   }
  ],
  [
   {
    "boundingPoly": {
     "vertices": [
      {
       "x": 1184,
       "y": 686
      },
      {
       "x": 1277,
       "y": 686
      },
      {
       "x": 1277,
       "y": 718
      },
      {
       "x": 1184,
       "y": 718
      }
     ]
    },
    "description": "Terms",
    "score": 0.99,
    "line": 10,
    "__imgscaled": true,
    "x": 1184,
    "y": 686,
    "height": 32,
    "tag": ""
   },
   {
    "boundingPoly": {
     "vertices": [
      {
       "x": 1279,
       "y": 687
      },
      {
       "x": 1314,
       "y": 687
      },
      {
       "x": 1314,
       "y": 717
      },
      {
       "x": 1279,
       "y": 717
      }
     ]
    },
    "description": "of",
    "score": 0.99,
    "line": 10,
    "__imgscaled": true,
    "x": 1279,
    "y": 687,
    "height": 30,
    "tag": ""
   },
   {
    "boundingPoly": {
     "vertices": [
      {
       "x": 1314,
       "y": 685
      },
      {
       "x": 1430,
       "y": 685
      },
      {
       "x": 1430,
       "y": 725
      },
      {
       "x": 1314,
       "y": 725
      }
     ]
    },
    "description": "Delivery",
    "score": 0.99,
    "line": 10,
    "__imgscaled": true,
    "x": 1314,
    "y": 685,
    "height": 40,
    "tag": ""
   }
  ],
  [
   {
    "boundingPoly": {
     "vertices": [
      {
       "x": 348,
       "y": 1171
      },
      {
       "x": 384,
       "y": 1171
      },
      {
       "x": 384,
       "y": 1206
      },
      {
       "x": 348,
       "y": 1206
      }
     ]
    },
    "description": "SI",
    "score": 0.99,
    "line": 11,
    "__imgscaled": true,
    "x": 348,
    "y": 1171,
    "height": 35,
    "tag": ""
   },
   {
    "boundingPoly": {
     "vertices": [
      {
       "x": 488,
       "y": 1172
      },
      {
       "x": 642,
       "y": 1172
      },
      {
       "x": 642,
       "y": 1209
      },
      {
       "x": 488,
       "y": 1209
      }
     ]
    },
    "description": "Description",
    "score": 0.99,
    "line": 11,
    "__imgscaled": true,
    "x": 488,
    "y": 1172,
    "height": 37,
    "tag": ""
   },
   {
    "boundingPoly": {
     "vertices": [
      {
       "x": 646,
       "y": 1172
      },
      {
       "x": 680,
       "y": 1172
      },
      {
       "x": 680,
       "y": 1204
      },
      {
       "x": 646,
       "y": 1204
      }
     ]
    },
    "description": "of",
    "score": 0.99,
    "line": 11,
    "__imgscaled": true,
    "x": 646,
    "y": 1172,
    "height": 32,
    "tag": ""
   },
   {
    "boundingPoly": {
     "vertices": [
      {
       "x": 681,
       "y": 1172
      },
      {
       "x": 775,
       "y": 1172
      },
      {
       "x": 775,
       "y": 1204
      },
      {
       "x": 681,
       "y": 1204
      }
     ]
    },
    "description": "Goods",
    "score": 0.99,
    "line": 11,
    "__imgscaled": true,
    "x": 681,
    "y": 1172,
    "height": 32,
    "tag": ""
   },
   {
    "boundingPoly": {
     "vertices": [
      {
       "x": 904,
       "y": 1172
      },
      {
       "x": 1044,
       "y": 1172
      },
      {
       "x": 1044,
       "y": 1206
      },
      {
       "x": 904,
       "y": 1206
      }
     ]
    },
    "description": "HSN\/SAC",
    "score": 0.99,
    "line": 11,
    "__imgscaled": true,
    "x": 904,
    "y": 1172,
    "height": 34,
    "tag": ""
   },
   {
    "boundingPoly": {
     "vertices": [
      {
       "x": 1087,
       "y": 1174
      },
      {
       "x": 1149,
       "y": 1174
      },
      {
       "x": 1149,
       "y": 1205
      },
      {
       "x": 1087,
       "y": 1205
      }
     ]
    },
    "description": "Part",
    "score": 0.99,
    "line": 11,
    "__imgscaled": true,
    "x": 1087,
    "y": 1174,
    "height": 31,
    "tag": ""
   },
   {
    "boundingPoly": {
     "vertices": [
      {
       "x": 1151,
       "y": 1174
      },
      {
       "x": 1203,
       "y": 1174
      },
      {
       "x": 1203,
       "y": 1206
      },
      {
       "x": 1151,
       "y": 1206
      }
     ]
    },
    "description": "No.",
    "score": 0.99,
    "line": 11,
    "__imgscaled": true,
    "x": 1151,
    "y": 1174,
    "height": 32,
    "tag": ""
   },
   {
    "boundingPoly": {
     "vertices": [
      {
       "x": 1256,
       "y": 1175
      },
      {
       "x": 1374,
       "y": 1175
      },
      {
       "x": 1374,
       "y": 1212
      },
      {
       "x": 1256,
       "y": 1212
      }
     ]
    },
    "description": "Quantity",
    "score": 0.99,
    "line": 11,
    "__imgscaled": true,
    "x": 1256,
    "y": 1175,
    "height": 37,
    "tag": ""
   },
   {
    "boundingPoly": {
     "vertices": [
      {
       "x": 1451,
       "y": 1176
      },
      {
       "x": 1521,
       "y": 1176
      },
      {
       "x": 1521,
       "y": 1207
      },
      {
       "x": 1451,
       "y": 1207
      }
     ]
    },
    "description": "Rate",
    "score": 0.99,
    "line": 11,
    "__imgscaled": true,
    "x": 1451,
    "y": 1176,
    "height": 31,
    "tag": ""
   },
   {
    "boundingPoly": {
     "vertices": [
      {
       "x": 1584,
       "y": 1182
      },
      {
       "x": 1635,
       "y": 1182
      },
      {
       "x": 1635,
       "y": 1212
      },
      {
       "x": 1584,
       "y": 1212
      }
     ]
    },
    "description": "per",
    "score": 0.99,
    "line": 11,
    "__imgscaled": true,
    "x": 1584,
    "y": 1182,
    "height": 30,
    "tag": ""
   },
   {
    "boundingPoly": {
     "vertices": [
      {
       "x": 1655,
       "y": 1176
      },
      {
       "x": 1720,
       "y": 1176
      },
      {
       "x": 1720,
       "y": 1208
      },
      {
       "x": 1655,
       "y": 1208
      }
     ]
    },
    "description": "Disc.",
    "score": 0.98,
    "line": 11,
    "__imgscaled": true,
    "x": 1655,
    "y": 1176,
    "height": 32,
    "tag": ""
   },
   {
    "boundingPoly": {
     "vertices": [
      {
       "x": 1723,
       "y": 1176
      },
      {
       "x": 1755,
       "y": 1176
      },
      {
       "x": 1755,
       "y": 1208
      },
      {
       "x": 1723,
       "y": 1208
      }
     ]
    },
    "description": "%",
    "score": 0.99,
    "line": 11,
    "__imgscaled": true,
    "x": 1723,
    "y": 1176,
    "height": 32,
    "tag": ""
   },
   {
    "boundingPoly": {
     "vertices": [
      {
       "x": 1827,
       "y": 1177
      },
      {
       "x": 1939,
       "y": 1177
      },
      {
       "x": 1939,
       "y": 1209
      },
      {
       "x": 1827,
       "y": 1209
      }
     ]
    },
    "description": "Amount",
    "score": 0.99,
    "line": 11,
    "__imgscaled": true,
    "x": 1827,
    "y": 1177,
    "height": 32,
    "tag": ""
   }
  ],
  [
   {
    "boundingPoly": {
     "vertices": [
      {
       "x": 348,
       "y": 1212
      },
      {
       "x": 386,
       "y": 1212
      },
      {
       "x": 386,
       "y": 1246
      },
      {
       "x": 348,
       "y": 1246
      }
     ]
    },
    "description": "No.",
    "score": 0.99,
    "line": 12,
    "__imgscaled": true,
    "x": 348,
    "y": 1212,
    "height": 34,
    "tag": ""
   }
  ],
  [
   {
    "boundingPoly": {
     "vertices": [
      {
       "x": 349,
       "y": 1272
      },
      {
       "x": 368,
       "y": 1272
      },
      {
       "x": 368,
       "y": 1307
      },
      {
       "x": 349,
       "y": 1307
      }
     ]
    },
    "description": "1",
    "score": 0.99,
    "line": 13,
    "__imgscaled": true,
    "x": 349,
    "y": 1272,
    "height": 35,
    "tag": ""
   },
   {
    "boundingPoly": {
     "vertices": [
      {
       "x": 400,
       "y": 1273
      },
      {
       "x": 452,
       "y": 1273
      },
      {
       "x": 452,
       "y": 1307
      },
      {
       "x": 400,
       "y": 1307
      }
     ]
    },
    "description": "HP",
    "score": 0.99,
    "line": 13,
    "__imgscaled": true,
    "x": 400,
    "y": 1273,
    "height": 34,
    "tag": "description"
   },
   {
    "boundingPoly": {
     "vertices": [
      {
       "x": 456,
       "y": 1274
      },
      {
       "x": 558,
       "y": 1274
      },
      {
       "x": 558,
       "y": 1309
      },
      {
       "x": 456,
       "y": 1309
      }
     ]
    },
    "description": "951XL",
    "score": 0.99,
    "line": 13,
    "__imgscaled": true,
    "x": 456,
    "y": 1274,
    "height": 35,
    "tag": "description"
   },
   {
    "boundingPoly": {
     "vertices": [
      {
       "x": 565,
       "y": 1275
      },
      {
       "x": 706,
       "y": 1275
      },
      {
       "x": 706,
       "y": 1315
      },
      {
       "x": 565,
       "y": 1315
      }
     ]
    },
    "description": "Magenta",
    "score": 0.99,
    "line": 13,
    "__imgscaled": true,
    "x": 565,
    "y": 1275,
    "height": 40,
    "tag": "description"
   },
   {
    "boundingPoly": {
     "vertices": [
      {
       "x": 710,
       "y": 1276
      },
      {
       "x": 765,
       "y": 1276
      },
      {
       "x": 765,
       "y": 1310
      },
      {
       "x": 710,
       "y": 1310
      }
     ]
    },
    "description": "Ink",
    "score": 0.99,
    "line": 13,
    "__imgscaled": true,
    "x": 710,
    "y": 1276,
    "height": 34,
    "tag": "description"
   },
   {
    "boundingPoly": {
     "vertices": [
      {
       "x": 768,
       "y": 1275
      },
      {
       "x": 873,
       "y": 1275
      },
      {
       "x": 873,
       "y": 1316
      },
      {
       "x": 768,
       "y": 1316
      }
     ]
    },
    "description": "Crtdg.",
    "score": 0.97,
    "line": 13,
    "__imgscaled": true,
    "x": 768,
    "y": 1275,
    "height": 41,
    "tag": "description"
   },
   {
    "boundingPoly": {
     "vertices": [
      {
       "x": 894,
       "y": 1274
      },
      {
       "x": 969,
       "y": 1274
      },
      {
       "x": 969,
       "y": 1306
      },
      {
       "x": 894,
       "y": 1306
      }
     ]
    },
    "description": "8443",
    "score": 0.99,
    "line": 13,
    "__imgscaled": true,
    "x": 894,
    "y": 1274,
    "height": 32,
    "tag": ""
   },
   {
    "boundingPoly": {
     "vertices": [
      {
       "x": 1082,
       "y": 1274
      },
      {
       "x": 1225,
       "y": 1274
      },
      {
       "x": 1225,
       "y": 1307
      },
      {
       "x": 1082,
       "y": 1307
      }
     ]
    },
    "description": "CN047AA",
    "score": 0.95,
    "line": 13,
    "__imgscaled": true,
    "x": 1082,
    "y": 1274,
    "height": 33,
    "tag": ""
   },
   {
    "boundingPoly": {
     "vertices": [
      {
       "x": 1298,
       "y": 1278
      },
      {
       "x": 1318,
       "y": 1278
      },
      {
       "x": 1318,
       "y": 1312
      },
      {
       "x": 1298,
       "y": 1312
      }
     ]
    },
    "description": "1",
    "score": 0.99,
    "line": 13,
    "__imgscaled": true,
    "x": 1298,
    "y": 1278,
    "height": 34,
    "tag": "quantity"
   },
   {
    "boundingPoly": {
     "vertices": [
      {
       "x": 1325,
       "y": 1278
      },
      {
       "x": 1394,
       "y": 1278
      },
      {
       "x": 1394,
       "y": 1312
      },
      {
       "x": 1325,
       "y": 1312
      }
     ]
    },
    "description": "Nos",
    "score": 0.99,
    "line": 13,
    "__imgscaled": true,
    "x": 1325,
    "y": 1278,
    "height": 34,
    "tag": "quantity"
   },
   {
    "boundingPoly": {
     "vertices": [
      {
       "x": 1442,
       "y": 1276
      },
      {
       "x": 1567,
       "y": 1276
      },
      {
       "x": 1567,
       "y": 1310
      },
      {
       "x": 1442,
       "y": 1310
      }
     ]
    },
    "description": "1,743.27",
    "score": 0.99,
    "line": 13,
    "__imgscaled": true,
    "x": 1442,
    "y": 1276,
    "height": 34,
    "tag": "unit-price"
   },
   {
    "boundingPoly": {
     "vertices": [
      {
       "x": 1581,
       "y": 1277
      },
      {
       "x": 1642,
       "y": 1277
      },
      {
       "x": 1642,
       "y": 1310
      },
      {
       "x": 1581,
       "y": 1310
      }
     ]
    },
    "description": "Nos",
    "score": 0.99,
    "line": 13,
    "__imgscaled": true,
    "x": 1581,
    "y": 1277,
    "height": 33,
    "tag": ""
   },
   {
    "boundingPoly": {
     "vertices": [
      {
       "x": 1866,
       "y": 1279
      },
      {
       "x": 1999,
       "y": 1279
      },
      {
       "x": 1999,
       "y": 1319
      },
      {
       "x": 1866,
       "y": 1319
      }
     ]
    },
    "description": "1,743.27",
    "score": 0.99,
    "line": 13,
    "__imgscaled": true,
    "x": 1866,
    "y": 1279,
    "height": 40,
    "tag": "line-amount"
   }
  ],
  [
   {
    "boundingPoly": {
     "vertices": [
      {
       "x": 438,
       "y": 1314
      },
      {
       "x": 786,
       "y": 1314
      },
      {
       "x": 786,
       "y": 1347
      },
      {
       "x": 438,
       "y": 1347
      }
     ]
    },
    "description": "20097665\/CN4CPCV1B7",
    "score": 0.99,
    "line": 14,
    "__imgscaled": true,
    "x": 438,
    "y": 1314,
    "height": 33,
    "tag": ""
   }
  ],
  [
   {
    "boundingPoly": {
     "vertices": [
      {
       "x": 535,
       "y": 1436
      },
      {
       "x": 679,
       "y": 1436
      },
      {
       "x": 679,
       "y": 1470
      },
      {
       "x": 535,
       "y": 1470
      }
     ]
    },
    "description": "OUTPUT",
    "score": 0.99,
    "line": 15,
    "__imgscaled": true,
    "x": 535,
    "y": 1436,
    "height": 34,
    "tag": ""
   },
   {
    "boundingPoly": {
     "vertices": [
      {
       "x": 681,
       "y": 1436
      },
      {
       "x": 783,
       "y": 1436
      },
      {
       "x": 783,
       "y": 1472
      },
      {
       "x": 681,
       "y": 1472
      }
     ]
    },
    "description": "CGST",
    "score": 0.99,
    "line": 15,
    "__imgscaled": true,
    "x": 681,
    "y": 1436,
    "height": 36,
    "tag": ""
   },
   {
    "boundingPoly": {
     "vertices": [
      {
       "x": 786,
       "y": 1438
      },
      {
       "x": 826,
       "y": 1438
      },
      {
       "x": 826,
       "y": 1478
      },
      {
       "x": 786,
       "y": 1478
      }
     ]
    },
    "description": "@",
    "score": 0.99,
    "line": 15,
    "__imgscaled": true,
    "x": 786,
    "y": 1438,
    "height": 40,
    "tag": ""
   },
   {
    "boundingPoly": {
     "vertices": [
      {
       "x": 827,
       "y": 1437
      },
      {
       "x": 884,
       "y": 1437
      },
      {
       "x": 884,
       "y": 1473
      },
      {
       "x": 827,
       "y": 1473
      }
     ]
    },
    "description": "9%",
    "score": 0.99,
    "line": 15,
    "__imgscaled": true,
    "x": 827,
    "y": 1437,
    "height": 36,
    "tag": ""
   },
   {
    "boundingPoly": {
     "vertices": [
      {
       "x": 1542,
       "y": 1440
      },
      {
       "x": 1567,
       "y": 1440
      },
      {
       "x": 1567,
       "y": 1475
      },
      {
       "x": 1542,
       "y": 1475
      }
     ]
    },
    "description": "9",
    "score": 0.99,
    "line": 15,
    "__imgscaled": true,
    "x": 1542,
    "y": 1440,
    "height": 35,
    "tag": ""
   },
   {
    "boundingPoly": {
     "vertices": [
      {
       "x": 1579,
       "y": 1439
      },
      {
       "x": 1613,
       "y": 1439
      },
      {
       "x": 1613,
       "y": 1476
      },
      {
       "x": 1579,
       "y": 1476
      }
     ]
    },
    "description": "%",
    "score": 0.99,
    "line": 15,
    "__imgscaled": true,
    "x": 1579,
    "y": 1439,
    "height": 37,
    "tag": ""
   },
   {
    "boundingPoly": {
     "vertices": [
      {
       "x": 1891,
       "y": 1443
      },
      {
       "x": 1999,
       "y": 1443
      },
      {
       "x": 1999,
       "y": 1478
      },
      {
       "x": 1891,
       "y": 1478
      }
     ]
    },
    "description": "156.89",
    "score": 0.99,
    "line": 15,
    "__imgscaled": true,
    "x": 1891,
    "y": 1443,
    "height": 35,
    "tag": ""
   }
  ],
  [
   {
    "boundingPoly": {
     "vertices": [
      {
       "x": 537,
       "y": 1477
      },
      {
       "x": 682,
       "y": 1477
      },
      {
       "x": 682,
       "y": 1513
      },
      {
       "x": 537,
       "y": 1513
      }
     ]
    },
    "description": "OUTPUT",
    "score": 0.99,
    "line": 16,
    "__imgscaled": true,
    "x": 537,
    "y": 1477,
    "height": 36,
    "tag": ""
   },
   {
    "boundingPoly": {
     "vertices": [
      {
       "x": 683,
       "y": 1478
      },
      {
       "x": 784,
       "y": 1478
      },
      {
       "x": 784,
       "y": 1514
      },
      {
       "x": 683,
       "y": 1514
      }
     ]
    },
    "description": "SGST",
    "score": 0.99,
    "line": 16,
    "__imgscaled": true,
    "x": 683,
    "y": 1478,
    "height": 36,
    "tag": ""
   },
   {
    "boundingPoly": {
     "vertices": [
      {
       "x": 785,
       "y": 1480
      },
      {
       "x": 826,
       "y": 1480
      },
      {
       "x": 826,
       "y": 1522
      },
      {
       "x": 785,
       "y": 1522
      }
     ]
    },
    "description": "@",
    "score": 0.99,
    "line": 16,
    "__imgscaled": true,
    "x": 785,
    "y": 1480,
    "height": 42,
    "tag": ""
   },
   {
    "boundingPoly": {
     "vertices": [
      {
       "x": 828,
       "y": 1479
      },
      {
       "x": 884,
       "y": 1479
      },
      {
       "x": 884,
       "y": 1515
      },
      {
       "x": 828,
       "y": 1515
      }
     ]
    },
    "description": "9%",
    "score": 0.99,
    "line": 16,
    "__imgscaled": true,
    "x": 828,
    "y": 1479,
    "height": 36,
    "tag": ""
   },
   {
    "boundingPoly": {
     "vertices": [
      {
       "x": 1543,
       "y": 1483
      },
      {
       "x": 1568,
       "y": 1483
      },
      {
       "x": 1568,
       "y": 1516
      },
      {
       "x": 1543,
       "y": 1516
      }
     ]
    },
    "description": "9",
    "score": 0.99,
    "line": 16,
    "__imgscaled": true,
    "x": 1543,
    "y": 1483,
    "height": 33,
    "tag": ""
   },
   {
    "boundingPoly": {
     "vertices": [
      {
       "x": 1579,
       "y": 1482
      },
      {
       "x": 1614,
       "y": 1482
      },
      {
       "x": 1614,
       "y": 1518
      },
      {
       "x": 1579,
       "y": 1518
      }
     ]
    },
    "description": "%",
    "score": 0.99,
    "line": 16,
    "__imgscaled": true,
    "x": 1579,
    "y": 1482,
    "height": 36,
    "tag": ""
   },
   {
    "boundingPoly": {
     "vertices": [
      {
       "x": 1891,
       "y": 1484
      },
      {
       "x": 1999,
       "y": 1484
      },
      {
       "x": 1999,
       "y": 1522
      },
      {
       "x": 1891,
       "y": 1522
      }
     ]
    },
    "description": "156.89",
    "score": 0.99,
    "line": 16,
    "__imgscaled": true,
    "x": 1891,
    "y": 1484,
    "height": 38,
    "tag": ""
   }
  ],
  [
   {
    "boundingPoly": {
     "vertices": [
      {
       "x": 808,
       "y": 1676
      },
      {
       "x": 881,
       "y": 1676
      },
      {
       "x": 881,
       "y": 1709
      },
      {
       "x": 808,
       "y": 1709
      }
     ]
    },
    "description": "Total",
    "score": 0.99,
    "line": 17,
    "__imgscaled": true,
    "x": 808,
    "y": 1676,
    "height": 33,
    "tag": ""
   },
   {
    "boundingPoly": {
     "vertices": [
      {
       "x": 1298,
       "y": 1681
      },
      {
       "x": 1320,
       "y": 1681
      },
      {
       "x": 1320,
       "y": 1716
      },
      {
       "x": 1298,
       "y": 1716
      }
     ]
    },
    "description": "1",
    "score": 0.99,
    "line": 17,
    "__imgscaled": true,
    "x": 1298,
    "y": 1681,
    "height": 35,
    "tag": ""
   },
   {
    "boundingPoly": {
     "vertices": [
      {
       "x": 1325,
       "y": 1681
      },
      {
       "x": 1394,
       "y": 1681
      },
      {
       "x": 1394,
       "y": 1716
      },
      {
       "x": 1325,
       "y": 1716
      }
     ]
    },
    "description": "Nos",
    "score": 0.99,
    "line": 17,
    "__imgscaled": true,
    "x": 1325,
    "y": 1681,
    "height": 35,
    "tag": ""
   },
   {
    "boundingPoly": {
     "vertices": [
      {
       "x": 1796,
       "y": 1690
      },
      {
       "x": 1825,
       "y": 1690
      },
      {
       "x": 1825,
       "y": 1731
      },
      {
       "x": 1796,
       "y": 1731
      }
     ]
    },
    "description": "R",
    "score": 0.95,
    "line": 17,
    "__imgscaled": true,
    "x": 1796,
    "y": 1690,
    "height": 41,
    "tag": ""
   },
   {
    "boundingPoly": {
     "vertices": [
      {
       "x": 1829,
       "y": 1686
      },
      {
       "x": 1994,
       "y": 1686
      },
      {
       "x": 1994,
       "y": 1732
      },
      {
       "x": 1829,
       "y": 1732
      }
     ]
    },
    "description": "2,057.05",
    "score": 0.99,
    "line": 17,
    "__imgscaled": true,
    "x": 1829,
    "y": 1686,
    "height": 46,
    "tag": "net-amount"
   }
  ],
  [
   {
    "boundingPoly": {
     "vertices": [
      {
       "x": 348,
       "y": 1725
      },
      {
       "x": 456,
       "y": 1725
      },
      {
       "x": 456,
       "y": 1756
      },
      {
       "x": 348,
       "y": 1756
      }
     ]
    },
    "description": "Amount",
    "score": 0.99,
    "line": 18,
    "__imgscaled": true,
    "x": 348,
    "y": 1725,
    "height": 31,
    "tag": ""
   },
   {
    "boundingPoly": {
     "vertices": [
      {
       "x": 456,
       "y": 1725
      },
      {
       "x": 610,
       "y": 1725
      },
      {
       "x": 610,
       "y": 1762
      },
      {
       "x": 456,
       "y": 1762
      }
     ]
    },
    "description": "Chargeable",
    "score": 0.99,
    "line": 18,
    "__imgscaled": true,
    "x": 456,
    "y": 1725,
    "height": 37,
    "tag": ""
   },
   {
    "boundingPoly": {
     "vertices": [
      {
       "x": 613,
       "y": 1726
      },
      {
       "x": 648,
       "y": 1726
      },
      {
       "x": 648,
       "y": 1763
      },
      {
       "x": 613,
       "y": 1763
      }
     ]
    },
    "description": "(in",
    "score": 0.99,
    "line": 18,
    "__imgscaled": true,
    "x": 613,
    "y": 1726,
    "height": 37,
    "tag": ""
   },
   {
    "boundingPoly": {
     "vertices": [
      {
       "x": 650,
       "y": 1728
      },
      {
       "x": 742,
       "y": 1728
      },
      {
       "x": 742,
       "y": 1762
      },
      {
       "x": 650,
       "y": 1762
      }
     ]
    },
    "description": "words)",
    "score": 0.99,
    "line": 18,
    "__imgscaled": true,
    "x": 650,
    "y": 1728,
    "height": 34,
    "tag": ""
   },
   {
    "boundingPoly": {
     "vertices": [
      {
       "x": 1875,
       "y": 1734
      },
      {
       "x": 1909,
       "y": 1734
      },
      {
       "x": 1909,
       "y": 1768
      },
      {
       "x": 1875,
       "y": 1768
      }
     ]
    },
    "description": "E.",
    "score": 0.99,
    "line": 18,
    "__imgscaled": true,
    "x": 1875,
    "y": 1734,
    "height": 34,
    "tag": ""
   },
   {
    "boundingPoly": {
     "vertices": [
      {
       "x": 1914,
       "y": 1734
      },
      {
       "x": 1941,
       "y": 1734
      },
      {
       "x": 1941,
       "y": 1767
      },
      {
       "x": 1914,
       "y": 1767
      }
     ]
    },
    "description": "&",
    "score": 0.99,
    "line": 18,
    "__imgscaled": true,
    "x": 1914,
    "y": 1734,
    "height": 33,
    "tag": ""
   },
   {
    "boundingPoly": {
     "vertices": [
      {
       "x": 1941,
       "y": 1735
      },
      {
       "x": 2002,
       "y": 1735
      },
      {
       "x": 2002,
       "y": 1768
      },
      {
       "x": 1941,
       "y": 1768
      }
     ]
    },
    "description": "O.E",
    "score": 0.99,
    "line": 18,
    "__imgscaled": true,
    "x": 1941,
    "y": 1735,
    "height": 33,
    "tag": ""
   }
  ],
  [
   {
    "boundingPoly": {
     "vertices": [
      {
       "x": 351,
       "y": 1772
      },
      {
       "x": 415,
       "y": 1772
      },
      {
       "x": 415,
       "y": 1806
      },
      {
       "x": 351,
       "y": 1806
      }
     ]
    },
    "description": "INR",
    "score": 0.99,
    "line": 19,
    "__imgscaled": true,
    "x": 351,
    "y": 1772,
    "height": 34,
    "tag": ""
   },
   {
    "boundingPoly": {
     "vertices": [
      {
       "x": 416,
       "y": 1773
      },
      {
       "x": 492,
       "y": 1773
      },
      {
       "x": 492,
       "y": 1808
      },
      {
       "x": 416,
       "y": 1808
      }
     ]
    },
    "description": "Two",
    "score": 0.99,
    "line": 19,
    "__imgscaled": true,
    "x": 416,
    "y": 1773,
    "height": 35,
    "tag": ""
   },
   {
    "boundingPoly": {
     "vertices": [
      {
       "x": 496,
       "y": 1773
      },
      {
       "x": 662,
       "y": 1773
      },
      {
       "x": 662,
       "y": 1809
      },
      {
       "x": 496,
       "y": 1809
      }
     ]
    },
    "description": "Thousand",
    "score": 0.99,
    "line": 19,
    "__imgscaled": true,
    "x": 496,
    "y": 1773,
    "height": 36,
    "tag": ""
   },
   {
    "boundingPoly": {
     "vertices": [
      {
       "x": 667,
       "y": 1774
      },
      {
       "x": 744,
       "y": 1774
      },
      {
       "x": 744,
       "y": 1817
      },
      {
       "x": 667,
       "y": 1817
      }
     ]
    },
    "description": "Fifty",
    "score": 0.99,
    "line": 19,
    "__imgscaled": true,
    "x": 667,
    "y": 1774,
    "height": 43,
    "tag": ""
   },
   {
    "boundingPoly": {
     "vertices": [
      {
       "x": 748,
       "y": 1775
      },
      {
       "x": 852,
       "y": 1775
      },
      {
       "x": 852,
       "y": 1810
      },
      {
       "x": 748,
       "y": 1810
      }
     ]
    },
    "description": "Seven",
    "score": 0.99,
    "line": 19,
    "__imgscaled": true,
    "x": 748,
    "y": 1775,
    "height": 35,
    "tag": ""
   },
   {
    "boundingPoly": {
     "vertices": [
      {
       "x": 857,
       "y": 1776
      },
      {
       "x": 923,
       "y": 1776
      },
      {
       "x": 923,
       "y": 1811
      },
      {
       "x": 857,
       "y": 1811
      }
     ]
    },
    "description": "and",
    "score": 0.99,
    "line": 19,
    "__imgscaled": true,
    "x": 857,
    "y": 1776,
    "height": 35,
    "tag": ""
   },
   {
    "boundingPoly": {
     "vertices": [
      {
       "x": 927,
       "y": 1776
      },
      {
       "x": 1001,
       "y": 1776
      },
      {
       "x": 1001,
       "y": 1811
      },
      {
       "x": 927,
       "y": 1811
      }
     ]
    },
    "description": "Five",
    "score": 0.99,
    "line": 19,
    "__imgscaled": true,
    "x": 927,
    "y": 1776,
    "height": 35,
    "tag": ""
   },
   {
    "boundingPoly": {
     "vertices": [
      {
       "x": 1006,
       "y": 1778
      },
      {
       "x": 1096,
       "y": 1778
      },
      {
       "x": 1096,
       "y": 1818
      },
      {
       "x": 1006,
       "y": 1818
      }
     ]
    },
    "description": "paise",
    "score": 0.99,
    "line": 19,
    "__imgscaled": true,
    "x": 1006,
    "y": 1778,
    "height": 40,
    "tag": ""
   },
   {
    "boundingPoly": {
     "vertices": [
      {
       "x": 1100,
       "y": 1778
      },
      {
       "x": 1181,
       "y": 1778
      },
      {
       "x": 1181,
       "y": 1820
      },
      {
       "x": 1100,
       "y": 1820
      }
     ]
    },
    "description": "Only",
    "score": 0.99,
    "line": 19,
    "__imgscaled": true,
    "x": 1100,
    "y": 1778,
    "height": 42,
    "tag": ""
   }
  ],
  [
   {
    "boundingPoly": {
     "vertices": [
      {
       "x": 600,
       "y": 1824
      },
      {
       "x": 742,
       "y": 1824
      },
      {
       "x": 742,
       "y": 1859
      },
      {
       "x": 600,
       "y": 1859
      }
     ]
    },
    "description": "HSN\/SAC",
    "score": 0.99,
    "line": 20,
    "__imgscaled": true,
    "x": 600,
    "y": 1824,
    "height": 35,
    "tag": ""
   },
   {
    "boundingPoly": {
     "vertices": [
      {
       "x": 1057,
       "y": 1828
      },
      {
       "x": 1171,
       "y": 1828
      },
      {
       "x": 1171,
       "y": 1861
      },
      {
       "x": 1057,
       "y": 1861
      }
     ]
    },
    "description": "Taxable",
    "score": 0.99,
    "line": 20,
    "__imgscaled": true,
    "x": 1057,
    "y": 1828,
    "height": 33,
    "tag": ""
   },
   {
    "boundingPoly": {
     "vertices": [
      {
       "x": 1280,
       "y": 1831
      },
      {
       "x": 1384,
       "y": 1831
      },
      {
       "x": 1384,
       "y": 1862
      },
      {
       "x": 1280,
       "y": 1862
      }
     ]
    },
    "description": "Central",
    "score": 0.99,
    "line": 20,
    "__imgscaled": true,
    "x": 1280,
    "y": 1831,
    "height": 31,
    "tag": ""
   },
   {
    "boundingPoly": {
     "vertices": [
      {
       "x": 1385,
       "y": 1832
      },
      {
       "x": 1444,
       "y": 1832
      },
      {
       "x": 1444,
       "y": 1863
      },
      {
       "x": 1385,
       "y": 1863
      }
     ]
    },
    "description": "Tax",
    "score": 0.99,
    "line": 20,
    "__imgscaled": true,
    "x": 1385,
    "y": 1832,
    "height": 31,
    "tag": ""
   },
   {
    "boundingPoly": {
     "vertices": [
      {
       "x": 1598,
       "y": 1833
      },
      {
       "x": 1674,
       "y": 1833
      },
      {
       "x": 1674,
       "y": 1865
      },
      {
       "x": 1598,
       "y": 1865
      }
     ]
    },
    "description": "State",
    "score": 0.99,
    "line": 20,
    "__imgscaled": true,
    "x": 1598,
    "y": 1833,
    "height": 32,
    "tag": ""
   },
   {
    "boundingPoly": {
     "vertices": [
      {
       "x": 1678,
       "y": 1834
      },
      {
       "x": 1735,
       "y": 1834
      },
      {
       "x": 1735,
       "y": 1866
      },
      {
       "x": 1678,
       "y": 1866
      }
     ]
    },
    "description": "Tax",
    "score": 0.99,
    "line": 20,
    "__imgscaled": true,
    "x": 1678,
    "y": 1834,
    "height": 32,
    "tag": ""
   },
   {
    "boundingPoly": {
     "vertices": [
      {
       "x": 1875,
       "y": 1835
      },
      {
       "x": 1946,
       "y": 1835
      },
      {
       "x": 1946,
       "y": 1866
      },
      {
       "x": 1875,
       "y": 1866
      }
     ]
    },
    "description": "Total",
    "score": 0.99,
    "line": 20,
    "__imgscaled": true,
    "x": 1875,
    "y": 1835,
    "height": 31,
    "tag": ""
   }
  ],
  [
   {
    "boundingPoly": {
     "vertices": [
      {
       "x": 1074,
       "y": 1865
      },
      {
       "x": 1158,
       "y": 1865
      },
      {
       "x": 1158,
       "y": 1897
      },
      {
       "x": 1074,
       "y": 1897
      }
     ]
    },
    "description": "Value",
    "score": 0.99,
    "line": 21,
    "__imgscaled": true,
    "x": 1074,
    "y": 1865,
    "height": 32,
    "tag": ""
   },
   {
    "boundingPoly": {
     "vertices": [
      {
       "x": 1234,
       "y": 1867
      },
      {
       "x": 1301,
       "y": 1867
      },
      {
       "x": 1301,
       "y": 1898
      },
      {
       "x": 1234,
       "y": 1898
      }
     ]
    },
    "description": "Rate",
    "score": 0.99,
    "line": 21,
    "__imgscaled": true,
    "x": 1234,
    "y": 1867,
    "height": 31,
    "tag": ""
   },
   {
    "boundingPoly": {
     "vertices": [
      {
       "x": 1361,
       "y": 1868
      },
      {
       "x": 1475,
       "y": 1868
      },
      {
       "x": 1475,
       "y": 1899
      },
      {
       "x": 1361,
       "y": 1899
      }
     ]
    },
    "description": "Amount",
    "score": 0.99,
    "line": 21,
    "__imgscaled": true,
    "x": 1361,
    "y": 1868,
    "height": 31,
    "tag": ""
   },
   {
    "boundingPoly": {
     "vertices": [
      {
       "x": 1538,
       "y": 1869
      },
      {
       "x": 1606,
       "y": 1869
      },
      {
       "x": 1606,
       "y": 1901
      },
      {
       "x": 1538,
       "y": 1901
      }
     ]
    },
    "description": "Rate",
    "score": 0.99,
    "line": 21,
    "__imgscaled": true,
    "x": 1538,
    "y": 1869,
    "height": 32,
    "tag": ""
   },
   {
    "boundingPoly": {
     "vertices": [
      {
       "x": 1666,
       "y": 1870
      },
      {
       "x": 1779,
       "y": 1870
      },
      {
       "x": 1779,
       "y": 1902
      },
      {
       "x": 1666,
       "y": 1902
      }
     ]
    },
    "description": "Amount",
    "score": 0.99,
    "line": 21,
    "__imgscaled": true,
    "x": 1666,
    "y": 1870,
    "height": 32,
    "tag": ""
   },
   {
    "boundingPoly": {
     "vertices": [
      {
       "x": 1827,
       "y": 1871
      },
      {
       "x": 1882,
       "y": 1871
      },
      {
       "x": 1882,
       "y": 1902
      },
      {
       "x": 1827,
       "y": 1902
      }
     ]
    },
    "description": "Tax",
    "score": 0.99,
    "line": 21,
    "__imgscaled": true,
    "x": 1827,
    "y": 1871,
    "height": 31,
    "tag": ""
   },
   {
    "boundingPoly": {
     "vertices": [
      {
       "x": 1884,
       "y": 1871
      },
      {
       "x": 1996,
       "y": 1871
      },
      {
       "x": 1996,
       "y": 1902
      },
      {
       "x": 1884,
       "y": 1902
      }
     ]
    },
    "description": "Amount",
    "score": 0.99,
    "line": 21,
    "__imgscaled": true,
    "x": 1884,
    "y": 1871,
    "height": 31,
    "tag": ""
   }
  ],
  [
   {
    "boundingPoly": {
     "vertices": [
      {
       "x": 348,
       "y": 1896
      },
      {
       "x": 424,
       "y": 1896
      },
      {
       "x": 424,
       "y": 1929
      },
      {
       "x": 348,
       "y": 1929
      }
     ]
    },
    "description": "8443",
    "score": 0.99,
    "line": 22,
    "__imgscaled": true,
    "x": 348,
    "y": 1896,
    "height": 33,
    "tag": ""
   },
   {
    "boundingPoly": {
     "vertices": [
      {
       "x": 1081,
       "y": 1902
      },
      {
       "x": 1205,
       "y": 1902
      },
      {
       "x": 1205,
       "y": 1935
      },
      {
       "x": 1081,
       "y": 1935
      }
     ]
    },
    "description": "1,743.27",
    "score": 0.94,
    "line": 22,
    "__imgscaled": true,
    "x": 1081,
    "y": 1902,
    "height": 33,
    "tag": ""
   },
   {
    "boundingPoly": {
     "vertices": [
      {
       "x": 1267,
       "y": 1903
      },
      {
       "x": 1316,
       "y": 1903
      },
      {
       "x": 1316,
       "y": 1936
      },
      {
       "x": 1267,
       "y": 1936
      }
     ]
    },
    "description": "9%",
    "score": 0.99,
    "line": 22,
    "__imgscaled": true,
    "x": 1267,
    "y": 1903,
    "height": 33,
    "tag": "tax"
   },
   {
    "boundingPoly": {
     "vertices": [
      {
       "x": 1406,
       "y": 1905
      },
      {
       "x": 1508,
       "y": 1905
      },
      {
       "x": 1508,
       "y": 1936
      },
      {
       "x": 1406,
       "y": 1936
      }
     ]
    },
    "description": "156.89",
    "score": 0.99,
    "line": 22,
    "__imgscaled": true,
    "x": 1406,
    "y": 1905,
    "height": 31,
    "tag": ""
   },
   {
    "boundingPoly": {
     "vertices": [
      {
       "x": 1571,
       "y": 1906
      },
      {
       "x": 1621,
       "y": 1906
      },
      {
       "x": 1621,
       "y": 1937
      },
      {
       "x": 1571,
       "y": 1937
      }
     ]
    },
    "description": "9%",
    "score": 0.99,
    "line": 22,
    "__imgscaled": true,
    "x": 1571,
    "y": 1906,
    "height": 31,
    "tag": ""
   },
   {
    "boundingPoly": {
     "vertices": [
      {
       "x": 1713,
       "y": 1907
      },
      {
       "x": 1812,
       "y": 1907
      },
      {
       "x": 1812,
       "y": 1940
      },
      {
       "x": 1713,
       "y": 1940
      }
     ]
    },
    "description": "156.89",
    "score": 0.99,
    "line": 22,
    "__imgscaled": true,
    "x": 1713,
    "y": 1907,
    "height": 33,
    "tag": ""
   },
   {
    "boundingPoly": {
     "vertices": [
      {
       "x": 1898,
       "y": 1907
      },
      {
       "x": 2001,
       "y": 1907
      },
      {
       "x": 2001,
       "y": 1943
      },
      {
       "x": 1898,
       "y": 1943
      }
     ]
    },
    "description": "313.78",
    "score": 0.99,
    "line": 22,
    "__imgscaled": true,
    "x": 1898,
    "y": 1907,
    "height": 36,
    "tag": ""
   }
  ],
  [
   {
    "boundingPoly": {
     "vertices": [
      {
       "x": 934,
       "y": 1939
      },
      {
       "x": 1015,
       "y": 1939
      },
      {
       "x": 1015,
       "y": 1965
      },
      {
       "x": 934,
       "y": 1965
      }
     ]
    },
    "description": "Total",
    "score": 0.5,
    "line": 23,
    "__imgscaled": true,
    "x": 934,
    "y": 1939,
    "height": 26,
    "tag": ""
   },
   {
    "boundingPoly": {
     "vertices": [
      {
       "x": 1080,
       "y": 1940
      },
      {
       "x": 1205,
       "y": 1940
      },
      {
       "x": 1205,
       "y": 1973
      },
      {
       "x": 1080,
       "y": 1973
      }
     ]
    },
    "description": "1,743.27",
    "score": 0.99,
    "line": 23,
    "__imgscaled": true,
    "x": 1080,
    "y": 1940,
    "height": 33,
    "tag": "total"
   },
   {
    "boundingPoly": {
     "vertices": [
      {
       "x": 1408,
       "y": 1944
      },
      {
       "x": 1506,
       "y": 1944
      },
      {
       "x": 1506,
       "y": 1975
      },
      {
       "x": 1408,
       "y": 1975
      }
     ]
    },
    "description": "156.89",
    "score": 0.99,
    "line": 23,
    "__imgscaled": true,
    "x": 1408,
    "y": 1944,
    "height": 31,
    "tag": ""
   },
   {
    "boundingPoly": {
     "vertices": [
      {
       "x": 1713,
       "y": 1945
      },
      {
       "x": 1811,
       "y": 1945
      },
      {
       "x": 1811,
       "y": 1978
      },
      {
       "x": 1713,
       "y": 1978
      }
     ]
    },
    "description": "156.89",
    "score": 0.99,
    "line": 23,
    "__imgscaled": true,
    "x": 1713,
    "y": 1945,
    "height": 33,
    "tag": ""
   },
   {
    "boundingPoly": {
     "vertices": [
      {
       "x": 1899,
       "y": 1947
      },
      {
       "x": 2001,
       "y": 1947
      },
      {
       "x": 2001,
       "y": 1980
      },
      {
       "x": 1899,
       "y": 1980
      }
     ]
    },
    "description": "313.78",
    "score": 0.99,
    "line": 23,
    "__imgscaled": true,
    "x": 1899,
    "y": 1947,
    "height": 33,
    "tag": ""
   }
  ],
  [
   {
    "boundingPoly": {
     "vertices": [
      {
       "x": 349,
       "y": 1992
      },
      {
       "x": 403,
       "y": 1992
      },
      {
       "x": 403,
       "y": 2025
      },
      {
       "x": 349,
       "y": 2025
      }
     ]
    },
    "description": "Tax",
    "score": 0.99,
    "line": 24,
    "__imgscaled": true,
    "x": 349,
    "y": 1992,
    "height": 33,
    "tag": ""
   },
   {
    "boundingPoly": {
     "vertices": [
      {
       "x": 403,
       "y": 1993
      },
      {
       "x": 510,
       "y": 1993
      },
      {
       "x": 510,
       "y": 2026
      },
      {
       "x": 403,
       "y": 2026
      }
     ]
    },
    "description": "Amount",
    "score": 0.99,
    "line": 24,
    "__imgscaled": true,
    "x": 403,
    "y": 1993,
    "height": 33,
    "tag": ""
   },
   {
    "boundingPoly": {
     "vertices": [
      {
       "x": 512,
       "y": 1993
      },
      {
       "x": 549,
       "y": 1993
      },
      {
       "x": 549,
       "y": 2030
      },
      {
       "x": 512,
       "y": 2030
      }
     ]
    },
    "description": "(in",
    "score": 0.99,
    "line": 24,
    "__imgscaled": true,
    "x": 512,
    "y": 1993,
    "height": 37,
    "tag": ""
   },
   {
    "boundingPoly": {
     "vertices": [
      {
       "x": 550,
       "y": 1994
      },
      {
       "x": 641,
       "y": 1994
      },
      {
       "x": 641,
       "y": 2030
      },
      {
       "x": 550,
       "y": 2030
      }
     ]
    },
    "description": "words)",
    "score": 0.99,
    "line": 24,
    "__imgscaled": true,
    "x": 550,
    "y": 1994,
    "height": 36,
    "tag": ""
   },
   {
    "boundingPoly": {
     "vertices": [
      {
       "x": 1040,
       "y": 1999
      },
      {
       "x": 1138,
       "y": 1999
      },
      {
       "x": 1138,
       "y": 2033
      },
      {
       "x": 1040,
       "y": 2033
      }
     ]
    },
    "description": "irteen",
    "score": 0.99,
    "line": 24,
    "__imgscaled": true,
    "x": 1040,
    "y": 1999,
    "height": 34,
    "tag": ""
   },
   {
    "boundingPoly": {
     "vertices": [
      {
       "x": 1141,
       "y": 2003
      },
      {
       "x": 1211,
       "y": 2003
      },
      {
       "x": 1211,
       "y": 2033
      },
      {
       "x": 1141,
       "y": 2033
      }
     ]
    },
    "description": "and",
    "score": 0.99,
    "line": 24,
    "__imgscaled": true,
    "x": 1141,
    "y": 2003,
    "height": 30,
    "tag": ""
   },
   {
    "boundingPoly": {
     "vertices": [
      {
       "x": 1212,
       "y": 1999
      },
      {
       "x": 1347,
       "y": 1999
      },
      {
       "x": 1347,
       "y": 2041
      },
      {
       "x": 1212,
       "y": 2041
      }
     ]
    },
    "description": "Seventy",
    "score": 0.48,
    "line": 24,
    "__imgscaled": true,
    "x": 1212,
    "y": 1999,
    "height": 42,
    "tag": ""
   },
   {
    "boundingPoly": {
     "vertices": [
      {
       "x": 1350,
       "y": 2002
      },
      {
       "x": 1443,
       "y": 2002
      },
      {
       "x": 1443,
       "y": 2040
      },
      {
       "x": 1350,
       "y": 2040
      }
     ]
    },
    "description": "Eight",
    "score": 0.99,
    "line": 24,
    "__imgscaled": true,
    "x": 1350,
    "y": 2002,
    "height": 38,
    "tag": ""
   },
   {
    "boundingPoly": {
     "vertices": [
      {
       "x": 1445,
       "y": 2006
      },
      {
       "x": 1535,
       "y": 2006
      },
      {
       "x": 1535,
       "y": 2042
      },
      {
       "x": 1445,
       "y": 2042
      }
     ]
    },
    "description": "paise",
    "score": 0.99,
    "line": 24,
    "__imgscaled": true,
    "x": 1445,
    "y": 2006,
    "height": 36,
    "tag": ""
   },
   {
    "boundingPoly": {
     "vertices": [
      {
       "x": 1539,
       "y": 2003
      },
      {
       "x": 1624,
       "y": 2003
      },
      {
       "x": 1624,
       "y": 2043
      },
      {
       "x": 1539,
       "y": 2043
      }
     ]
    },
    "description": "Only:",
    "score": 0.57,
    "line": 24,
    "__imgscaled": true,
    "x": 1539,
    "y": 2003,
    "height": 40,
    "tag": ""
   },
   {
    "boundingPoly": {
     "vertices": [
      {
       "x": 1625,
       "y": 2003
      },
      {
       "x": 1656,
       "y": 2003
      },
      {
       "x": 1656,
       "y": 2041
      },
      {
       "x": 1625,
       "y": 2041
      }
     ]
    },
    "description": "0",
    "score": 0.41,
    "line": 24,
    "__imgscaled": true,
    "x": 1625,
    "y": 2003,
    "height": 38,
    "tag": ""
   }
  ],
  [
   {
    "boundingPoly": {
     "vertices": [
      {
       "x": 1338,
       "y": 2039
      },
      {
       "x": 1407,
       "y": 2039
      },
      {
       "x": 1407,
       "y": 2075
      },
      {
       "x": 1338,
       "y": 2075
      }
     ]
    },
    "description": "FdP|",
    "score": 0.23,
    "line": 25,
    "__imgscaled": true,
    "x": 1338,
    "y": 2039,
    "height": 36,
    "tag": ""
   },
   {
    "boundingPoly": {
     "vertices": [
      {
       "x": 1413,
       "y": 2041
      },
      {
       "x": 1500,
       "y": 2041
      },
      {
       "x": 1500,
       "y": 2076
      },
      {
       "x": 1413,
       "y": 2076
      }
     ]
    },
    "description": "India",
    "score": 0.97,
    "line": 25,
    "__imgscaled": true,
    "x": 1413,
    "y": 2041,
    "height": 35,
    "tag": ""
   }
  ],
  [
   {
    "boundingPoly": {
     "vertices": [
      {
       "x": 1311,
       "y": 2117
      },
      {
       "x": 1335,
       "y": 2117
      },
      {
       "x": 1335,
       "y": 2164
      },
      {
       "x": 1311,
       "y": 2164
      }
     ]
    },
    "description": "1",
    "score": 0.99,
    "line": 26,
    "__imgscaled": true,
    "x": 1311,
    "y": 2117,
    "height": 47,
    "tag": ""
   },
   {
    "boundingPoly": {
     "vertices": [
      {
       "x": 1340,
       "y": 2115
      },
      {
       "x": 1365,
       "y": 2115
      },
      {
       "x": 1365,
       "y": 2164
      },
      {
       "x": 1340,
       "y": 2164
      }
     ]
    },
    "description": "5",
    "score": 0.99,
    "line": 26,
    "__imgscaled": true,
    "x": 1340,
    "y": 2115,
    "height": 49,
    "tag": ""
   },
   {
    "boundingPoly": {
     "vertices": [
      {
       "x": 1374,
       "y": 2115
      },
      {
       "x": 1450,
       "y": 2115
      },
      {
       "x": 1450,
       "y": 2164
      },
      {
       "x": 1374,
       "y": 2164
      }
     ]
    },
    "description": "JAN",
    "score": 0.99,
    "line": 26,
    "__imgscaled": true,
    "x": 1374,
    "y": 2115,
    "height": 49,
    "tag": ""
   },
   {
    "boundingPoly": {
     "vertices": [
      {
       "x": 1457,
       "y": 2115
      },
      {
       "x": 1535,
       "y": 2115
      },
      {
       "x": 1535,
       "y": 2166
      },
      {
       "x": 1457,
       "y": 2166
      }
     ]
    },
    "description": "2018",
    "score": 0.99,
    "line": 26,
    "__imgscaled": true,
    "x": 1457,
    "y": 2115,
    "height": 51,
    "tag": ""
   }
  ],
  [
   {
    "boundingPoly": {
     "vertices": [
      {
       "x": 347,
       "y": 2256
      },
      {
       "x": 504,
       "y": 2256
      },
      {
       "x": 504,
       "y": 2294
      },
      {
       "x": 347,
       "y": 2294
      }
     ]
    },
    "description": "Company's",
    "score": 0.99,
    "line": 27,
    "__imgscaled": true,
    "x": 347,
    "y": 2256,
    "height": 38,
    "tag": ""
   },
   {
    "boundingPoly": {
     "vertices": [
      {
       "x": 508,
       "y": 2257
      },
      {
       "x": 575,
       "y": 2257
      },
      {
       "x": 575,
       "y": 2289
      },
      {
       "x": 508,
       "y": 2289
      }
     ]
    },
    "description": "PAN",
    "score": 0.99,
    "line": 27,
    "__imgscaled": true,
    "x": 508,
    "y": 2257,
    "height": 32,
    "tag": ""
   },
   {
    "boundingPoly": {
     "vertices": [
      {
       "x": 1302,
       "y": 2170
      },
      {
       "x": 1473,
       "y": 2170
      },
      {
       "x": 1473,
       "y": 2261
      },
      {
       "x": 1302,
       "y": 2261
      }
     ]
    },
    "description": "7807",
    "score": 0.62,
    "line": 27,
    "__imgscaled": true,
    "x": 1302,
    "y": 2170,
    "height": 91,
    "tag": ""
   }
  ],
  [
   {
    "boundingPoly": {
     "vertices": [
      {
       "x": 348,
       "y": 2304
      },
      {
       "x": 497,
       "y": 2304
      },
      {
       "x": 497,
       "y": 2335
      },
      {
       "x": 348,
       "y": 2335
      }
     ]
    },
    "description": "Declaration",
    "score": 0.87,
    "line": 28,
    "__imgscaled": true,
    "x": 348,
    "y": 2304,
    "height": 31,
    "tag": ""
   }
  ],
  [
   {
    "boundingPoly": {
     "vertices": [
      {
       "x": 347,
       "y": 2338
      },
      {
       "x": 400,
       "y": 2338
      },
      {
       "x": 400,
       "y": 2370
      },
      {
       "x": 347,
       "y": 2370
      }
     ]
    },
    "description": "We",
    "score": 0.99,
    "line": 29,
    "__imgscaled": true,
    "x": 347,
    "y": 2338,
    "height": 32,
    "tag": ""
   },
   {
    "boundingPoly": {
     "vertices": [
      {
       "x": 404,
       "y": 2340
      },
      {
       "x": 510,
       "y": 2340
      },
      {
       "x": 510,
       "y": 2372
      },
      {
       "x": 404,
       "y": 2372
      }
     ]
    },
    "description": "declare",
    "score": 0.99,
    "line": 29,
    "__imgscaled": true,
    "x": 404,
    "y": 2340,
    "height": 32,
    "tag": ""
   },
   {
    "boundingPoly": {
     "vertices": [
      {
       "x": 512,
       "y": 2341
      },
      {
       "x": 570,
       "y": 2341
      },
      {
       "x": 570,
       "y": 2371
      },
      {
       "x": 512,
       "y": 2371
      }
     ]
    },
    "description": "that",
    "score": 0.99,
    "line": 29,
    "__imgscaled": true,
    "x": 512,
    "y": 2341,
    "height": 30,
    "tag": ""
   },
   {
    "boundingPoly": {
     "vertices": [
      {
       "x": 571,
       "y": 2341
      },
      {
       "x": 625,
       "y": 2341
      },
      {
       "x": 625,
       "y": 2372
      },
      {
       "x": 571,
       "y": 2372
      }
     ]
    },
    "description": "this",
    "score": 0.99,
    "line": 29,
    "__imgscaled": true,
    "x": 571,
    "y": 2341,
    "height": 31,
    "tag": ""
   },
   {
    "boundingPoly": {
     "vertices": [
      {
       "x": 627,
       "y": 2341
      },
      {
       "x": 729,
       "y": 2341
      },
      {
       "x": 729,
       "y": 2372
      },
      {
       "x": 627,
       "y": 2372
      }
     ]
    },
    "description": "invoice",
    "score": 0.98,
    "line": 29,
    "__imgscaled": true,
    "x": 627,
    "y": 2341,
    "height": 31,
    "tag": ""
   },
   {
    "boundingPoly": {
     "vertices": [
      {
       "x": 732,
       "y": 2343
      },
      {
       "x": 825,
       "y": 2343
      },
      {
       "x": 825,
       "y": 2374
      },
      {
       "x": 732,
       "y": 2374
      }
     ]
    },
    "description": "sshows",
    "score": 0.49,
    "line": 29,
    "__imgscaled": true,
    "x": 732,
    "y": 2343,
    "height": 31,
    "tag": ""
   },
   {
    "boundingPoly": {
     "vertices": [
      {
       "x": 828,
       "y": 2343
      },
      {
       "x": 878,
       "y": 2343
      },
      {
       "x": 878,
       "y": 2375
      },
      {
       "x": 828,
       "y": 2375
      }
     ]
    },
    "description": "the",
    "score": 0.99,
    "line": 29,
    "__imgscaled": true,
    "x": 828,
    "y": 2343,
    "height": 32,
    "tag": ""
   },
   {
    "boundingPoly": {
     "vertices": [
      {
       "x": 879,
       "y": 2345
      },
      {
       "x": 969,
       "y": 2345
      },
      {
       "x": 969,
       "y": 2376
      },
      {
       "x": 879,
       "y": 2376
      }
     ]
    },
    "description": "actual",
    "score": 0.99,
    "line": 29,
    "__imgscaled": true,
    "x": 879,
    "y": 2345,
    "height": 31,
    "tag": ""
   },
   {
    "boundingPoly": {
     "vertices": [
      {
       "x": 972,
       "y": 2346
      },
      {
       "x": 1044,
       "y": 2346
      },
      {
       "x": 1044,
       "y": 2381
      },
      {
       "x": 972,
       "y": 2381
      }
     ]
    },
    "description": "price",
    "score": 0.99,
    "line": 29,
    "__imgscaled": true,
    "x": 972,
    "y": 2346,
    "height": 35,
    "tag": ""
   },
   {
    "boundingPoly": {
     "vertices": [
      {
       "x": 1046,
       "y": 2345
      },
      {
       "x": 1080,
       "y": 2345
      },
      {
       "x": 1080,
       "y": 2377
      },
      {
       "x": 1046,
       "y": 2377
      }
     ]
    },
    "description": "of",
    "score": 0.99,
    "line": 29,
    "__imgscaled": true,
    "x": 1046,
    "y": 2345,
    "height": 32,
    "tag": ""
   },
   {
    "boundingPoly": {
     "vertices": [
      {
       "x": 1082,
       "y": 2345
      },
      {
       "x": 1130,
       "y": 2345
      },
      {
       "x": 1130,
       "y": 2378
      },
      {
       "x": 1082,
       "y": 2378
      }
     ]
    },
    "description": "the",
    "score": 0.99,
    "line": 29,
    "__imgscaled": true,
    "x": 1082,
    "y": 2345,
    "height": 33,
    "tag": ""
   },
   {
    "boundingPoly": {
     "vertices": [
      {
       "x": 1468,
       "y": 2316
      },
      {
       "x": 1515,
       "y": 2316
      },
      {
       "x": 1515,
       "y": 2348
      },
      {
       "x": 1468,
       "y": 2348
      }
     ]
    },
    "description": "for",
    "score": 0.99,
    "line": 29,
    "__imgscaled": true,
    "x": 1468,
    "y": 2316,
    "height": 32,
    "tag": ""
   },
   {
    "boundingPoly": {
     "vertices": [
      {
       "x": 1516,
       "y": 2317
      },
      {
       "x": 1602,
       "y": 2317
      },
      {
       "x": 1602,
       "y": 2353
      },
      {
       "x": 1516,
       "y": 2353
      }
     ]
    },
    "description": "Alpha",
    "score": 0.99,
    "line": 29,
    "__imgscaled": true,
    "x": 1516,
    "y": 2317,
    "height": 36,
    "tag": ""
   },
   {
    "boundingPoly": {
     "vertices": [
      {
       "x": 1604,
       "y": 2318
      },
      {
       "x": 1631,
       "y": 2318
      },
      {
       "x": 1631,
       "y": 2346
      },
      {
       "x": 1604,
       "y": 2346
      }
     ]
    },
    "description": "R",
    "score": 0.96,
    "line": 29,
    "__imgscaled": true,
    "x": 1604,
    "y": 2318,
    "height": 28,
    "tag": ""
   },
   {
    "boundingPoly": {
     "vertices": [
      {
       "x": 1937,
       "y": 2324
      },
      {
       "x": 1997,
       "y": 2324
      },
      {
       "x": 1997,
       "y": 2353
      },
      {
       "x": 1937,
       "y": 2353
      }
     ]
    },
    "description": "ions",
    "score": 0.5,
    "line": 29,
    "__imgscaled": true,
    "x": 1937,
    "y": 2324,
    "height": 29,
    "tag": ""
   }
  ],
  [
   {
    "boundingPoly": {
     "vertices": [
      {
       "x": 347,
       "y": 2375
      },
      {
       "x": 437,
       "y": 2375
      },
      {
       "x": 437,
       "y": 2410
      },
      {
       "x": 347,
       "y": 2410
      }
     ]
    },
    "description": "goods",
    "score": 0.99,
    "line": 30,
    "__imgscaled": true,
    "x": 347,
    "y": 2375,
    "height": 35,
    "tag": ""
   },
   {
    "boundingPoly": {
     "vertices": [
      {
       "x": 439,
       "y": 2375
      },
      {
       "x": 579,
       "y": 2375
      },
      {
       "x": 579,
       "y": 2407
      },
      {
       "x": 439,
       "y": 2407
      }
     ]
    },
    "description": "described",
    "score": 0.99,
    "line": 30,
    "__imgscaled": true,
    "x": 439,
    "y": 2375,
    "height": 32,
    "tag": ""
   },
   {
    "boundingPoly": {
     "vertices": [
      {
       "x": 580,
       "y": 2377
      },
      {
       "x": 637,
       "y": 2377
      },
      {
       "x": 637,
       "y": 2407
      },
      {
       "x": 580,
       "y": 2407
      }
     ]
    },
    "description": "and",
    "score": 0.99,
    "line": 30,
    "__imgscaled": true,
    "x": 580,
    "y": 2377,
    "height": 30,
    "tag": ""
   },
   {
    "boundingPoly": {
     "vertices": [
      {
       "x": 640,
       "y": 2378
      },
      {
       "x": 699,
       "y": 2378
      },
      {
       "x": 699,
       "y": 2408
      },
      {
       "x": 640,
       "y": 2408
      }
     ]
    },
    "description": "that",
    "score": 0.99,
    "line": 30,
    "__imgscaled": true,
    "x": 640,
    "y": 2378,
    "height": 30,
    "tag": ""
   },
   {
    "boundingPoly": {
     "vertices": [
      {
       "x": 700,
       "y": 2376
      },
      {
       "x": 737,
       "y": 2376
      },
      {
       "x": 737,
       "y": 2410
      },
      {
       "x": 700,
       "y": 2410
      }
     ]
    },
    "description": "all",
    "score": 0.99,
    "line": 30,
    "__imgscaled": true,
    "x": 700,
    "y": 2376,
    "height": 34,
    "tag": ""
   },
   {
    "boundingPoly": {
     "vertices": [
      {
       "x": 741,
       "y": 2379
      },
      {
       "x": 888,
       "y": 2379
      },
      {
       "x": 888,
       "y": 2415
      },
      {
       "x": 741,
       "y": 2415
      }
     ]
    },
    "description": "particulars",
    "score": 0.99,
    "line": 30,
    "__imgscaled": true,
    "x": 741,
    "y": 2379,
    "height": 36,
    "tag": ""
   },
   {
    "boundingPoly": {
     "vertices": [
      {
       "x": 892,
       "y": 2385
      },
      {
       "x": 942,
       "y": 2385
      },
      {
       "x": 942,
       "y": 2411
      },
      {
       "x": 892,
       "y": 2411
      }
     ]
    },
    "description": "are",
    "score": 0.99,
    "line": 30,
    "__imgscaled": true,
    "x": 892,
    "y": 2385,
    "height": 26,
    "tag": ""
   },
   {
    "boundingPoly": {
     "vertices": [
      {
       "x": 943,
       "y": 2381
      },
      {
       "x": 1003,
       "y": 2381
      },
      {
       "x": 1003,
       "y": 2412
      },
      {
       "x": 943,
       "y": 2412
      }
     ]
    },
    "description": "true",
    "score": 0.98,
    "line": 30,
    "__imgscaled": true,
    "x": 943,
    "y": 2381,
    "height": 31,
    "tag": ""
   },
   {
    "boundingPoly": {
     "vertices": [
      {
       "x": 1007,
       "y": 2381
      },
      {
       "x": 1063,
       "y": 2381
      },
      {
       "x": 1063,
       "y": 2414
      },
      {
       "x": 1007,
       "y": 2414
      }
     ]
    },
    "description": "and",
    "score": 0.99,
    "line": 30,
    "__imgscaled": true,
    "x": 1007,
    "y": 2381,
    "height": 33,
    "tag": ""
   }
  ],
  [
   {
    "boundingPoly": {
     "vertices": [
      {
       "x": 347,
       "y": 2411
      },
      {
       "x": 450,
       "y": 2411
      },
      {
       "x": 450,
       "y": 2441
      },
      {
       "x": 347,
       "y": 2441
      }
     ]
    },
    "description": "correct",
    "score": 0.93,
    "line": 31,
    "__imgscaled": true,
    "x": 347,
    "y": 2411,
    "height": 30,
    "tag": ""
   }
  ],
  [
   {
    "boundingPoly": {
     "vertices": [
      {
       "x": 1934,
       "y": 2434
      },
      {
       "x": 2002,
       "y": 2434
      },
      {
       "x": 2002,
       "y": 2471
      },
      {
       "x": 1934,
       "y": 2471
      }
     ]
    },
    "description": "atory",
    "score": 0.99,
    "line": 32,
    "__imgscaled": true,
    "x": 1934,
    "y": 2434,
    "height": 37,
    "tag": ""
   }
  ],
  [
   {
    "boundingPoly": {
     "vertices": [
      {
       "x": 902,
       "y": 2477
      },
      {
       "x": 967,
       "y": 2477
      },
      {
       "x": 967,
       "y": 2511
      },
      {
       "x": 902,
       "y": 2511
      }
     ]
    },
    "description": "This",
    "score": 0.99,
    "line": 33,
    "__imgscaled": true,
    "x": 902,
    "y": 2477,
    "height": 34,
    "tag": ""
   },
   {
    "boundingPoly": {
     "vertices": [
      {
       "x": 969,
       "y": 2480
      },
      {
       "x": 998,
       "y": 2480
      },
      {
       "x": 998,
       "y": 2511
      },
      {
       "x": 969,
       "y": 2511
      }
     ]
    },
    "description": "is",
    "score": 0.99,
    "line": 33,
    "__imgscaled": true,
    "x": 969,
    "y": 2480,
    "height": 31,
    "tag": ""
   },
   {
    "boundingPoly": {
     "vertices": [
      {
       "x": 1000,
       "y": 2484
      },
      {
       "x": 1024,
       "y": 2484
      },
      {
       "x": 1024,
       "y": 2511
      },
      {
       "x": 1000,
       "y": 2511
      }
     ]
    },
    "description": "a",
    "score": 0.99,
    "line": 33,
    "__imgscaled": true,
    "x": 1000,
    "y": 2484,
    "height": 27,
    "tag": ""
   },
   {
    "boundingPoly": {
     "vertices": [
      {
       "x": 1027,
       "y": 2479
      },
      {
       "x": 1166,
       "y": 2479
      },
      {
       "x": 1166,
       "y": 2520
      },
      {
       "x": 1027,
       "y": 2520
      }
     ]
    },
    "description": "Computer",
    "score": 0.96,
    "line": 33,
    "__imgscaled": true,
    "x": 1027,
    "y": 2479,
    "height": 41,
    "tag": ""
   },
   {
    "boundingPoly": {
     "vertices": [
      {
       "x": 1169,
       "y": 2482
      },
      {
       "x": 1319,
       "y": 2482
      },
      {
       "x": 1319,
       "y": 2516
      },
      {
       "x": 1169,
       "y": 2516
      }
     ]
    },
    "description": "Generated",
    "score": 0.99,
    "line": 33,
    "__imgscaled": true,
    "x": 1169,
    "y": 2482,
    "height": 34,
    "tag": ""
   },
   {
    "boundingPoly": {
     "vertices": [
      {
       "x": 1323,
       "y": 2484
      },
      {
       "x": 1424,
       "y": 2484
      },
      {
       "x": 1424,
       "y": 2517
      },
      {
       "x": 1323,
       "y": 2517
      }
     ]
    },
    "description": "Invoice",
    "score": 0.99,
    "line": 33,
    "__imgscaled": true,
    "x": 1323,
    "y": 2484,
    "height": 33,
    "tag": ""
   }
  ]
 ],
 "manual_edit": {
  "fields": [

  ]
 },
 "schema": [
  "date",
  "tax",
  "total",
  "invoice-no",
  "description",
  "unit-price",
  "net-amount",
  "name",
  "quantity",
  "line-amount"
 ],
 "subset": "TRAIN"
}