{
 "fields": {
  "date": "2017-12-12",
  "tax": "9",
  "total": "1743.27",
  "invoice-no": "BLR\/GST\/6424",
  "net-amount": "2057.05",
  "name": "HPI382675",
  "items": [
   {
    "description": "HP 951XL Yellow Ink",
    "unit-price": "1743.27",
    "quantity": "1",
    "line-amount": "1743.27"
   }
  ],
  "language": ""
 },
 "fname": "training_dataset_qwerty-labelledset-demoset-5111911014-in97-2018-blrgst6424.tiff.jpg",
 "lines": [
  "Tax Invoice (ORIGINAL FOR RECIPIENT)",
  "Tax Invoice Cum Delivery Note",
  "Invoice No. e-Sugam No. . Dated",
  "BLR\/GST\/6424 12-Dec-2017",
  "Delivery Note Mode\/Terms of Payment",
  "Supplier's Ref. Other Reference(s)",
  ". Buyer's Order No. Dated",
  "HPI382675 12-Dec-2017",
  "Despatch Document No. Delivery Note Date",
  "I Despatched through Destination",
  "Terms of Delivery",
  "Received for Scanning",
  "HPI India",
  "15 JAN 2018",
  "LSV3",
  "SI Description of Goods HSN\/SAC Part No. Quantity Rate per Disc. % Amount",
  "No.",
  "1 HP 951XL Yellow Ink 8443 CN048AA 1 Nos 1,743.27 Nos 1,743.27",
  "Cartridge",
  "20066428\/CN4CPCV1B7",
  "OUTPUT CGST @ 9% 9 % 156.89",
  "OUTPUT SGST @ 9% 9 % 156.89",
  "Total 1 Nos R 2,057.05",
  "Amount Chargeable (in words) E. & O.E",
  "INR Two Thousand Fifty Seven and Five paise Only",
  "HSN\/SAC Taxable Central Tax State Tax Total",
  "Value Rate Amount Rate Amount Tax Amount",
  "8443 1,743.27 9% 156.89 9% 156.89 313.78",
  "Total 1,743.27 156.89 156.89 313.78",
  "Tax Amount (in words) : INR Three Hundred Thirteen and Seventy Eight paise Only",
  "Declaration",
  "i We declare that this invoice shows the actual price of the",
  "goods described and that all particulars. are true and",
  "correct.",
  "erated Invoice",
  "Eimnieno."
 ],
 "line_tags": [
  "",
  "",
  "",
  "invoice-no",
  "",
  "",
  "",
  "name",
  "",
  "",
  "",
  "",
  "",
  "",
  "",
  "",
  "",
  "line-amount",
  "",
  "",
  "",
  "",
  "net-amount",
  "",
  "",
  "",
  "",
  "tax",
  "total",
  "",
  "",
  "",
  "",
  "",
  "",
  ""
 ],
 "words": [
  [
   {
    "boundingPoly": {
     "vertices": [
      {
       "x": 901,
       "y": 55
      },
      {
       "x": 980,
       "y": 55
      },
      {
       "x": 980,
       "y": 93
      },
      {
       "x": 901,
       "y": 93
      }
     ]
    },
    "description": "Tax",
    "score": 0.99,
    "line": 0,
    "__imgscaled": true,
    "x": 901,
    "y": 55,
    "height": 38,
    "tag": ""
   },
   {
    "boundingPoly": {
     "vertices": [
      {
       "x": 987,
       "y": 55
      },
      {
       "x": 1136,
       "y": 55
      },
      {
       "x": 1136,
       "y": 94
      },
      {
       "x": 987,
       "y": 94
      }
     ]
    },
    "description": "Invoice",
    "score": 0.99,
    "line": 0,
    "__imgscaled": true,
    "x": 987,
    "y": 55,
    "height": 39,
    "tag": ""
   },
   {
    "boundingPoly": {
     "vertices": [
      {
       "x": 1448,
       "y": 51
      },
      {
       "x": 1613,
       "y": 51
      },
      {
       "x": 1613,
       "y": 87
      },
      {
       "x": 1448,
       "y": 87
      }
     ]
    },
    "description": "(ORIGINAL",
    "score": 0.33,
    "line": 0,
    "__imgscaled": true,
    "x": 1448,
    "y": 51,
    "height": 36,
    "tag": ""
   },
   {
    "boundingPoly": {
     "vertices": [
      {
       "x": 1619,
       "y": 51
      },
      {
       "x": 1692,
       "y": 51
      },
      {
       "x": 1692,
       "y": 83
      },
      {
       "x": 1619,
       "y": 83
      }
     ]
    },
    "description": "FOR",
    "score": 0.99,
    "line": 0,
    "__imgscaled": true,
    "x": 1619,
    "y": 51,
    "height": 32,
    "tag": ""
   },
   {
    "boundingPoly": {
     "vertices": [
      {
       "x": 1694,
       "y": 51
      },
      {
       "x": 1878,
       "y": 51
      },
      {
       "x": 1878,
       "y": 88
      },
      {
       "x": 1694,
       "y": 88
      }
     ]
    },
    "description": "RECIPIENT)",
    "score": 0.88,
    "line": 0,
    "__imgscaled": true,
    "x": 1694,
    "y": 51,
    "height": 37,
    "tag": ""
   }
  ],
  [
   {
    "boundingPoly": {
     "vertices": [
      {
       "x": 798,
       "y": 101
      },
      {
       "x": 857,
       "y": 101
      },
      {
       "x": 857,
       "y": 132
      },
      {
       "x": 798,
       "y": 132
      }
     ]
    },
    "description": "Tax",
    "score": 0.99,
    "line": 1,
    "__imgscaled": true,
    "x": 798,
    "y": 101,
    "height": 31,
    "tag": ""
   },
   {
    "boundingPoly": {
     "vertices": [
      {
       "x": 861,
       "y": 101
      },
      {
       "x": 966,
       "y": 101
      },
      {
       "x": 966,
       "y": 132
      },
      {
       "x": 861,
       "y": 132
      }
     ]
    },
    "description": "Invoice",
    "score": 0.99,
    "line": 1,
    "__imgscaled": true,
    "x": 861,
    "y": 101,
    "height": 31,
    "tag": ""
   },
   {
    "boundingPoly": {
     "vertices": [
      {
       "x": 969,
       "y": 101
      },
      {
       "x": 1041,
       "y": 101
      },
      {
       "x": 1041,
       "y": 132
      },
      {
       "x": 969,
       "y": 132
      }
     ]
    },
    "description": "Cum",
    "score": 0.99,
    "line": 1,
    "__imgscaled": true,
    "x": 969,
    "y": 101,
    "height": 31,
    "tag": ""
   },
   {
    "boundingPoly": {
     "vertices": [
      {
       "x": 1046,
       "y": 101
      },
      {
       "x": 1167,
       "y": 101
      },
      {
       "x": 1167,
       "y": 137
      },
      {
       "x": 1046,
       "y": 137
      }
     ]
    },
    "description": "Delivery",
    "score": 0.99,
    "line": 1,
    "__imgscaled": true,
    "x": 1046,
    "y": 101,
    "height": 36,
    "tag": ""
   },
   {
    "boundingPoly": {
     "vertices": [
      {
       "x": 1168,
       "y": 101
      },
      {
       "x": 1240,
       "y": 101
      },
      {
       "x": 1240,
       "y": 132
      },
      {
       "x": 1168,
       "y": 132
      }
     ]
    },
    "description": "Note",
    "score": 0.99,
    "line": 1,
    "__imgscaled": true,
    "x": 1168,
    "y": 101,
    "height": 31,
    "tag": ""
   }
  ],
  [
   {
    "boundingPoly": {
     "vertices": [
      {
       "x": 1042,
       "y": 176
      },
      {
       "x": 1146,
       "y": 176
      },
      {
       "x": 1146,
       "y": 207
      },
      {
       "x": 1042,
       "y": 207
      }
     ]
    },
    "description": "Invoice",
    "score": 0.99,
    "line": 2,
    "__imgscaled": true,
    "x": 1042,
    "y": 176,
    "height": 31,
    "tag": ""
   },
   {
    "boundingPoly": {
     "vertices": [
      {
       "x": 1151,
       "y": 176
      },
      {
       "x": 1201,
       "y": 176
      },
      {
       "x": 1201,
       "y": 206
      },
      {
       "x": 1151,
       "y": 206
      }
     ]
    },
    "description": "No.",
    "score": 0.99,
    "line": 2,
    "__imgscaled": true,
    "x": 1151,
    "y": 176,
    "height": 30,
    "tag": ""
   },
   {
    "boundingPoly": {
     "vertices": [
      {
       "x": 1272,
       "y": 177
      },
      {
       "x": 1401,
       "y": 177
      },
      {
       "x": 1401,
       "y": 215
      },
      {
       "x": 1272,
       "y": 215
      }
     ]
    },
    "description": "e-Sugam",
    "score": 0.99,
    "line": 2,
    "__imgscaled": true,
    "x": 1272,
    "y": 177,
    "height": 38,
    "tag": ""
   },
   {
    "boundingPoly": {
     "vertices": [
      {
       "x": 1406,
       "y": 176
      },
      {
       "x": 1456,
       "y": 176
      },
      {
       "x": 1456,
       "y": 208
      },
      {
       "x": 1406,
       "y": 208
      }
     ]
    },
    "description": "No.",
    "score": 0.99,
    "line": 2,
    "__imgscaled": true,
    "x": 1406,
    "y": 176,
    "height": 32,
    "tag": ""
   },
   {
    "boundingPoly": {
     "vertices": [
      {
       "x": 1457,
       "y": 180
      },
      {
       "x": 1472,
       "y": 180
      },
      {
       "x": 1472,
       "y": 201
      },
      {
       "x": 1457,
       "y": 201
      }
     ]
    },
    "description": ".",
    "score": 0.98,
    "line": 2,
    "__imgscaled": true,
    "x": 1457,
    "y": 180,
    "height": 21,
    "tag": ""
   },
   {
    "boundingPoly": {
     "vertices": [
      {
       "x": 1471,
       "y": 175
      },
      {
       "x": 1563,
       "y": 175
      },
      {
       "x": 1563,
       "y": 207
      },
      {
       "x": 1471,
       "y": 207
      }
     ]
    },
    "description": "Dated",
    "score": 0.99,
    "line": 2,
    "__imgscaled": true,
    "x": 1471,
    "y": 175,
    "height": 32,
    "tag": ""
   }
  ],
  [
   {
    "boundingPoly": {
     "vertices": [
      {
       "x": 1042,
       "y": 223
      },
      {
       "x": 1236,
       "y": 223
      },
      {
       "x": 1236,
       "y": 257
      },
      {
       "x": 1042,
       "y": 257
      }
     ]
    },
    "description": "BLR\/GST\/6424",
    "score": 0.69,
    "line": 3,
    "__imgscaled": true,
    "x": 1042,
    "y": 223,
    "height": 34,
    "tag": "invoice-no"
   },
   {
    "boundingPoly": {
     "vertices": [
      {
       "x": 1472,
       "y": 223
      },
      {
       "x": 1686,
       "y": 223
      },
      {
       "x": 1686,
       "y": 259
      },
      {
       "x": 1472,
       "y": 259
      }
     ]
    },
    "description": "12-Dec-2017",
    "score": 0.99,
    "line": 3,
    "__imgscaled": true,
    "x": 1472,
    "y": 223,
    "height": 36,
    "tag": "date"
   }
  ],
  [
   {
    "boundingPoly": {
     "vertices": [
      {
       "x": 1042,
       "y": 264
      },
      {
       "x": 1160,
       "y": 264
      },
      {
       "x": 1160,
       "y": 300
      },
      {
       "x": 1042,
       "y": 300
      }
     ]
    },
    "description": "Delivery",
    "score": 0.99,
    "line": 4,
    "__imgscaled": true,
    "x": 1042,
    "y": 264,
    "height": 36,
    "tag": ""
   },
   {
    "boundingPoly": {
     "vertices": [
      {
       "x": 1164,
       "y": 265
      },
      {
       "x": 1236,
       "y": 265
      },
      {
       "x": 1236,
       "y": 294
      },
      {
       "x": 1164,
       "y": 294
      }
     ]
    },
    "description": "Note",
    "score": 0.99,
    "line": 4,
    "__imgscaled": true,
    "x": 1164,
    "y": 265,
    "height": 29,
    "tag": ""
   },
   {
    "boundingPoly": {
     "vertices": [
      {
       "x": 1472,
       "y": 264
      },
      {
       "x": 1657,
       "y": 264
      },
      {
       "x": 1657,
       "y": 294
      },
      {
       "x": 1472,
       "y": 294
      }
     ]
    },
    "description": "Mode\/Terms",
    "score": 0.99,
    "line": 4,
    "__imgscaled": true,
    "x": 1472,
    "y": 264,
    "height": 30,
    "tag": ""
   },
   {
    "boundingPoly": {
     "vertices": [
      {
       "x": 1661,
       "y": 262
      },
      {
       "x": 1695,
       "y": 262
      },
      {
       "x": 1695,
       "y": 293
      },
      {
       "x": 1661,
       "y": 293
      }
     ]
    },
    "description": "of",
    "score": 0.99,
    "line": 4,
    "__imgscaled": true,
    "x": 1661,
    "y": 262,
    "height": 31,
    "tag": ""
   },
   {
    "boundingPoly": {
     "vertices": [
      {
       "x": 1698,
       "y": 264
      },
      {
       "x": 1827,
       "y": 264
      },
      {
       "x": 1827,
       "y": 300
      },
      {
       "x": 1698,
       "y": 300
      }
     ]
    },
    "description": "Payment",
    "score": 0.99,
    "line": 4,
    "__imgscaled": true,
    "x": 1698,
    "y": 264,
    "height": 36,
    "tag": ""
   }
  ],
  [
   {
    "boundingPoly": {
     "vertices": [
      {
       "x": 1042,
       "y": 353
      },
      {
       "x": 1183,
       "y": 353
      },
      {
       "x": 1183,
       "y": 389
      },
      {
       "x": 1042,
       "y": 389
      }
     ]
    },
    "description": "Supplier's",
    "score": 0.99,
    "line": 5,
    "__imgscaled": true,
    "x": 1042,
    "y": 353,
    "height": 36,
    "tag": ""
   },
   {
    "boundingPoly": {
     "vertices": [
      {
       "x": 1189,
       "y": 353
      },
      {
       "x": 1250,
       "y": 353
      },
      {
       "x": 1250,
       "y": 384
      },
      {
       "x": 1189,
       "y": 384
      }
     ]
    },
    "description": "Ref.",
    "score": 0.99,
    "line": 5,
    "__imgscaled": true,
    "x": 1189,
    "y": 353,
    "height": 31,
    "tag": ""
   },
   {
    "boundingPoly": {
     "vertices": [
      {
       "x": 1472,
       "y": 352
      },
      {
       "x": 1560,
       "y": 352
      },
      {
       "x": 1560,
       "y": 383
      },
      {
       "x": 1472,
       "y": 383
      }
     ]
    },
    "description": "Other",
    "score": 0.99,
    "line": 5,
    "__imgscaled": true,
    "x": 1472,
    "y": 352,
    "height": 31,
    "tag": ""
   },
   {
    "boundingPoly": {
     "vertices": [
      {
       "x": 1561,
       "y": 352
      },
      {
       "x": 1752,
       "y": 352
      },
      {
       "x": 1752,
       "y": 389
      },
      {
       "x": 1561,
       "y": 389
      }
     ]
    },
    "description": "Reference(s)",
    "score": 0.99,
    "line": 5,
    "__imgscaled": true,
    "x": 1561,
    "y": 352,
    "height": 37,
    "tag": ""
   }
  ],
  [
   {
    "boundingPoly": {
     "vertices": [
      {
       "x": 1025,
       "y": 442
      },
      {
       "x": 1039,
       "y": 442
      },
      {
       "x": 1039,
       "y": 468
      },
      {
       "x": 1025,
       "y": 468
      }
     ]
    },
    "description": ".",
    "score": 0.95,
    "line": 6,
    "__imgscaled": true,
    "x": 1025,
    "y": 442,
    "height": 26,
    "tag": ""
   },
   {
    "boundingPoly": {
     "vertices": [
      {
       "x": 1042,
       "y": 441
      },
      {
       "x": 1142,
       "y": 441
      },
      {
       "x": 1142,
       "y": 478
      },
      {
       "x": 1042,
       "y": 478
      }
     ]
    },
    "description": "Buyer's",
    "score": 0.99,
    "line": 6,
    "__imgscaled": true,
    "x": 1042,
    "y": 441,
    "height": 37,
    "tag": ""
   },
   {
    "boundingPoly": {
     "vertices": [
      {
       "x": 1153,
       "y": 440
      },
      {
       "x": 1241,
       "y": 440
      },
      {
       "x": 1241,
       "y": 472
      },
      {
       "x": 1153,
       "y": 472
      }
     ]
    },
    "description": "Order",
    "score": 0.99,
    "line": 6,
    "__imgscaled": true,
    "x": 1153,
    "y": 440,
    "height": 32,
    "tag": ""
   },
   {
    "boundingPoly": {
     "vertices": [
      {
       "x": 1244,
       "y": 441
      },
      {
       "x": 1296,
       "y": 441
      },
      {
       "x": 1296,
       "y": 472
      },
      {
       "x": 1244,
       "y": 472
      }
     ]
    },
    "description": "No.",
    "score": 0.99,
    "line": 6,
    "__imgscaled": true,
    "x": 1244,
    "y": 441,
    "height": 31,
    "tag": ""
   },
   {
    "boundingPoly": {
     "vertices": [
      {
       "x": 1472,
       "y": 441
      },
      {
       "x": 1563,
       "y": 441
      },
      {
       "x": 1563,
       "y": 472
      },
      {
       "x": 1472,
       "y": 472
      }
     ]
    },
    "description": "Dated",
    "score": 0.99,
    "line": 6,
    "__imgscaled": true,
    "x": 1472,
    "y": 441,
    "height": 31,
    "tag": ""
   }
  ],
  [
   {
    "boundingPoly": {
     "vertices": [
      {
       "x": 1043,
       "y": 488
      },
      {
       "x": 1221,
       "y": 488
      },
      {
       "x": 1221,
       "y": 524
      },
      {
       "x": 1043,
       "y": 524
      }
     ]
    },
    "description": "HPI382675",
    "score": 0.97,
    "line": 7,
    "__imgscaled": true,
    "x": 1043,
    "y": 488,
    "height": 36,
    "tag": "name"
   },
   {
    "boundingPoly": {
     "vertices": [
      {
       "x": 1475,
       "y": 488
      },
      {
       "x": 1686,
       "y": 488
      },
      {
       "x": 1686,
       "y": 524
      },
      {
       "x": 1475,
       "y": 524
      }
     ]
    },
    "description": "12-Dec-2017",
    "score": 0.99,
    "line": 7,
    "__imgscaled": true,
    "x": 1475,
    "y": 488,
    "height": 36,
    "tag": ""
   }
  ],
  [
   {
    "boundingPoly": {
     "vertices": [
      {
       "x": 1043,
       "y": 530
      },
      {
       "x": 1179,
       "y": 530
      },
      {
       "x": 1179,
       "y": 566
      },
      {
       "x": 1043,
       "y": 566
      }
     ]
    },
    "description": "Despatch",
    "score": 0.99,
    "line": 8,
    "__imgscaled": true,
    "x": 1043,
    "y": 530,
    "height": 36,
    "tag": ""
   },
   {
    "boundingPoly": {
     "vertices": [
      {
       "x": 1185,
       "y": 530
      },
      {
       "x": 1337,
       "y": 530
      },
      {
       "x": 1337,
       "y": 560
      },
      {
       "x": 1185,
       "y": 560
      }
     ]
    },
    "description": "Document",
    "score": 0.99,
    "line": 8,
    "__imgscaled": true,
    "x": 1185,
    "y": 530,
    "height": 30,
    "tag": ""
   },
   {
    "boundingPoly": {
     "vertices": [
      {
       "x": 1341,
       "y": 530
      },
      {
       "x": 1392,
       "y": 530
      },
      {
       "x": 1392,
       "y": 560
      },
      {
       "x": 1341,
       "y": 560
      }
     ]
    },
    "description": "No.",
    "score": 0.99,
    "line": 8,
    "__imgscaled": true,
    "x": 1341,
    "y": 530,
    "height": 30,
    "tag": ""
   },
   {
    "boundingPoly": {
     "vertices": [
      {
       "x": 1473,
       "y": 528
      },
      {
       "x": 1595,
       "y": 528
      },
      {
       "x": 1595,
       "y": 567
      },
      {
       "x": 1473,
       "y": 567
      }
     ]
    },
    "description": "Delivery",
    "score": 0.99,
    "line": 8,
    "__imgscaled": true,
    "x": 1473,
    "y": 528,
    "height": 39,
    "tag": ""
   },
   {
    "boundingPoly": {
     "vertices": [
      {
       "x": 1598,
       "y": 530
      },
      {
       "x": 1669,
       "y": 530
      },
      {
       "x": 1669,
       "y": 561
      },
      {
       "x": 1598,
       "y": 561
      }
     ]
    },
    "description": "Note",
    "score": 0.99,
    "line": 8,
    "__imgscaled": true,
    "x": 1598,
    "y": 530,
    "height": 31,
    "tag": ""
   },
   {
    "boundingPoly": {
     "vertices": [
      {
       "x": 1674,
       "y": 529
      },
      {
       "x": 1746,
       "y": 529
      },
      {
       "x": 1746,
       "y": 561
      },
      {
       "x": 1674,
       "y": 561
      }
     ]
    },
    "description": "Date",
    "score": 0.99,
    "line": 8,
    "__imgscaled": true,
    "x": 1674,
    "y": 529,
    "height": 32,
    "tag": ""
   }
  ],
  [
   {
    "boundingPoly": {
     "vertices": [
      {
       "x": 1027,
       "y": 619
      },
      {
       "x": 1039,
       "y": 619
      },
      {
       "x": 1039,
       "y": 648
      },
      {
       "x": 1027,
       "y": 648
      }
     ]
    },
    "description": "I",
    "score": 0.97,
    "line": 9,
    "__imgscaled": true,
    "x": 1027,
    "y": 619,
    "height": 29,
    "tag": ""
   },
   {
    "boundingPoly": {
     "vertices": [
      {
       "x": 1043,
       "y": 620
      },
      {
       "x": 1216,
       "y": 620
      },
      {
       "x": 1216,
       "y": 656
      },
      {
       "x": 1043,
       "y": 656
      }
     ]
    },
    "description": "Despatched",
    "score": 0.99,
    "line": 9,
    "__imgscaled": true,
    "x": 1043,
    "y": 620,
    "height": 36,
    "tag": ""
   },
   {
    "boundingPoly": {
     "vertices": [
      {
       "x": 1219,
       "y": 620
      },
      {
       "x": 1335,
       "y": 620
      },
      {
       "x": 1335,
       "y": 658
      },
      {
       "x": 1219,
       "y": 658
      }
     ]
    },
    "description": "through",
    "score": 0.99,
    "line": 9,
    "__imgscaled": true,
    "x": 1219,
    "y": 620,
    "height": 38,
    "tag": ""
   },
   {
    "boundingPoly": {
     "vertices": [
      {
       "x": 1473,
       "y": 620
      },
      {
       "x": 1637,
       "y": 620
      },
      {
       "x": 1637,
       "y": 651
      },
      {
       "x": 1473,
       "y": 651
      }
     ]
    },
    "description": "Destination",
    "score": 0.99,
    "line": 9,
    "__imgscaled": true,
    "x": 1473,
    "y": 620,
    "height": 31,
    "tag": ""
   }
  ],
  [
   {
    "boundingPoly": {
     "vertices": [
      {
       "x": 1040,
       "y": 711
      },
      {
       "x": 1136,
       "y": 711
      },
      {
       "x": 1136,
       "y": 743
      },
      {
       "x": 1040,
       "y": 743
      }
     ]
    },
    "description": "Terms",
    "score": 0.99,
    "line": 10,
    "__imgscaled": true,
    "x": 1040,
    "y": 711,
    "height": 32,
    "tag": ""
   },
   {
    "boundingPoly": {
     "vertices": [
      {
       "x": 1140,
       "y": 711
      },
      {
       "x": 1173,
       "y": 711
      },
      {
       "x": 1173,
       "y": 743
      },
      {
       "x": 1140,
       "y": 743
      }
     ]
    },
    "description": "of",
    "score": 0.99,
    "line": 10,
    "__imgscaled": true,
    "x": 1140,
    "y": 711,
    "height": 32,
    "tag": ""
   },
   {
    "boundingPoly": {
     "vertices": [
      {
       "x": 1175,
       "y": 712
      },
      {
       "x": 1295,
       "y": 712
      },
      {
       "x": 1295,
       "y": 750
      },
      {
       "x": 1175,
       "y": 750
      }
     ]
    },
    "description": "Delivery",
    "score": 0.99,
    "line": 10,
    "__imgscaled": true,
    "x": 1175,
    "y": 712,
    "height": 38,
    "tag": ""
   }
  ],
  [
   {
    "boundingPoly": {
     "vertices": [
      {
       "x": 1252,
       "y": 786
      },
      {
       "x": 1448,
       "y": 786
      },
      {
       "x": 1448,
       "y": 829
      },
      {
       "x": 1252,
       "y": 829
      }
     ]
    },
    "description": "Received",
    "score": 0.99,
    "line": 11,
    "__imgscaled": true,
    "x": 1252,
    "y": 786,
    "height": 43,
    "tag": ""
   },
   {
    "boundingPoly": {
     "vertices": [
      {
       "x": 1458,
       "y": 784
      },
      {
       "x": 1529,
       "y": 784
      },
      {
       "x": 1529,
       "y": 825
      },
      {
       "x": 1458,
       "y": 825
      }
     ]
    },
    "description": "for",
    "score": 0.99,
    "line": 11,
    "__imgscaled": true,
    "x": 1458,
    "y": 784,
    "height": 41,
    "tag": ""
   },
   {
    "boundingPoly": {
     "vertices": [
      {
       "x": 1538,
       "y": 780
      },
      {
       "x": 1740,
       "y": 780
      },
      {
       "x": 1740,
       "y": 826
      },
      {
       "x": 1538,
       "y": 826
      }
     ]
    },
    "description": "Scanning",
    "score": 0.99,
    "line": 11,
    "__imgscaled": true,
    "x": 1538,
    "y": 780,
    "height": 46,
    "tag": ""
   }
  ],
  [
   {
    "boundingPoly": {
     "vertices": [
      {
       "x": 1412,
       "y": 833
      },
      {
       "x": 1481,
       "y": 833
      },
      {
       "x": 1481,
       "y": 871
      },
      {
       "x": 1412,
       "y": 871
      }
     ]
    },
    "description": "HPI",
    "score": 0.99,
    "line": 12,
    "__imgscaled": true,
    "x": 1412,
    "y": 833,
    "height": 38,
    "tag": ""
   },
   {
    "boundingPoly": {
     "vertices": [
      {
       "x": 1491,
       "y": 832
      },
      {
       "x": 1581,
       "y": 832
      },
      {
       "x": 1581,
       "y": 869
      },
      {
       "x": 1491,
       "y": 869
      }
     ]
    },
    "description": "India",
    "score": 0.99,
    "line": 12,
    "__imgscaled": true,
    "x": 1491,
    "y": 832,
    "height": 37,
    "tag": ""
   }
  ],
  [
   {
    "boundingPoly": {
     "vertices": [
      {
       "x": 1373,
       "y": 906
      },
      {
       "x": 1431,
       "y": 906
      },
      {
       "x": 1431,
       "y": 957
      },
      {
       "x": 1373,
       "y": 957
      }
     ]
    },
    "description": "15",
    "score": 0.99,
    "line": 13,
    "__imgscaled": true,
    "x": 1373,
    "y": 906,
    "height": 51,
    "tag": ""
   },
   {
    "boundingPoly": {
     "vertices": [
      {
       "x": 1445,
       "y": 904
      },
      {
       "x": 1520,
       "y": 904
      },
      {
       "x": 1520,
       "y": 953
      },
      {
       "x": 1445,
       "y": 953
      }
     ]
    },
    "description": "JAN",
    "score": 0.99,
    "line": 13,
    "__imgscaled": true,
    "x": 1445,
    "y": 904,
    "height": 49,
    "tag": ""
   },
   {
    "boundingPoly": {
     "vertices": [
      {
       "x": 1528,
       "y": 901
      },
      {
       "x": 1607,
       "y": 901
      },
      {
       "x": 1607,
       "y": 951
      },
      {
       "x": 1528,
       "y": 951
      }
     ]
    },
    "description": "2018",
    "score": 0.99,
    "line": 13,
    "__imgscaled": true,
    "x": 1528,
    "y": 901,
    "height": 50,
    "tag": ""
   }
  ],
  [
   {
    "boundingPoly": {
     "vertices": [
      {
       "x": 1377,
       "y": 969
      },
      {
       "x": 1548,
       "y": 969
      },
      {
       "x": 1548,
       "y": 1062
      },
      {
       "x": 1377,
       "y": 1062
      }
     ]
    },
    "description": "LSV3",
    "score": 0.08,
    "line": 14,
    "__imgscaled": true,
    "x": 1377,
    "y": 969,
    "height": 93,
    "tag": ""
   }
  ],
  [
   {
    "boundingPoly": {
     "vertices": [
      {
       "x": 171,
       "y": 1207
      },
      {
       "x": 206,
       "y": 1207
      },
      {
       "x": 206,
       "y": 1241
      },
      {
       "x": 171,
       "y": 1241
      }
     ]
    },
    "description": "SI",
    "score": 0.99,
    "line": 15,
    "__imgscaled": true,
    "x": 171,
    "y": 1207,
    "height": 34,
    "tag": ""
   },
   {
    "boundingPoly": {
     "vertices": [
      {
       "x": 313,
       "y": 1207
      },
      {
       "x": 476,
       "y": 1207
      },
      {
       "x": 476,
       "y": 1244
      },
      {
       "x": 313,
       "y": 1244
      }
     ]
    },
    "description": "Description",
    "score": 0.99,
    "line": 15,
    "__imgscaled": true,
    "x": 313,
    "y": 1207,
    "height": 37,
    "tag": ""
   },
   {
    "boundingPoly": {
     "vertices": [
      {
       "x": 479,
       "y": 1207
      },
      {
       "x": 514,
       "y": 1207
      },
      {
       "x": 514,
       "y": 1238
      },
      {
       "x": 479,
       "y": 1238
      }
     ]
    },
    "description": "of",
    "score": 0.99,
    "line": 15,
    "__imgscaled": true,
    "x": 479,
    "y": 1207,
    "height": 31,
    "tag": ""
   },
   {
    "boundingPoly": {
     "vertices": [
      {
       "x": 515,
       "y": 1206
      },
      {
       "x": 615,
       "y": 1206
      },
      {
       "x": 615,
       "y": 1238
      },
      {
       "x": 515,
       "y": 1238
      }
     ]
    },
    "description": "Goods",
    "score": 0.99,
    "line": 15,
    "__imgscaled": true,
    "x": 515,
    "y": 1206,
    "height": 32,
    "tag": ""
   },
   {
    "boundingPoly": {
     "vertices": [
      {
       "x": 747,
       "y": 1204
      },
      {
       "x": 894,
       "y": 1204
      },
      {
       "x": 894,
       "y": 1237
      },
      {
       "x": 747,
       "y": 1237
      }
     ]
    },
    "description": "HSN\/SAC",
    "score": 0.99,
    "line": 15,
    "__imgscaled": true,
    "x": 747,
    "y": 1204,
    "height": 33,
    "tag": ""
   },
   {
    "boundingPoly": {
     "vertices": [
      {
       "x": 939,
       "y": 1204
      },
      {
       "x": 1003,
       "y": 1204
      },
      {
       "x": 1003,
       "y": 1236
      },
      {
       "x": 939,
       "y": 1236
      }
     ]
    },
    "description": "Part",
    "score": 0.99,
    "line": 15,
    "__imgscaled": true,
    "x": 939,
    "y": 1204,
    "height": 32,
    "tag": ""
   },
   {
    "boundingPoly": {
     "vertices": [
      {
       "x": 1007,
       "y": 1204
      },
      {
       "x": 1058,
       "y": 1204
      },
      {
       "x": 1058,
       "y": 1236
      },
      {
       "x": 1007,
       "y": 1236
      }
     ]
    },
    "description": "No.",
    "score": 0.99,
    "line": 15,
    "__imgscaled": true,
    "x": 1007,
    "y": 1204,
    "height": 32,
    "tag": ""
   },
   {
    "boundingPoly": {
     "vertices": [
      {
       "x": 1115,
       "y": 1205
      },
      {
       "x": 1240,
       "y": 1205
      },
      {
       "x": 1240,
       "y": 1243
      },
      {
       "x": 1115,
       "y": 1243
      }
     ]
    },
    "description": "Quantity",
    "score": 0.99,
    "line": 15,
    "__imgscaled": true,
    "x": 1115,
    "y": 1205,
    "height": 38,
    "tag": ""
   },
   {
    "boundingPoly": {
     "vertices": [
      {
       "x": 1320,
       "y": 1204
      },
      {
       "x": 1392,
       "y": 1204
      },
      {
       "x": 1392,
       "y": 1235
      },
      {
       "x": 1320,
       "y": 1235
      }
     ]
    },
    "description": "Rate",
    "score": 0.99,
    "line": 15,
    "__imgscaled": true,
    "x": 1320,
    "y": 1204,
    "height": 31,
    "tag": ""
   },
   {
    "boundingPoly": {
     "vertices": [
      {
       "x": 1461,
       "y": 1210
      },
      {
       "x": 1512,
       "y": 1210
      },
      {
       "x": 1512,
       "y": 1239
      },
      {
       "x": 1461,
       "y": 1239
      }
     ]
    },
    "description": "per",
    "score": 0.99,
    "line": 15,
    "__imgscaled": true,
    "x": 1461,
    "y": 1210,
    "height": 29,
    "tag": ""
   },
   {
    "boundingPoly": {
     "vertices": [
      {
       "x": 1531,
       "y": 1204
      },
      {
       "x": 1600,
       "y": 1204
      },
      {
       "x": 1600,
       "y": 1236
      },
      {
       "x": 1531,
       "y": 1236
      }
     ]
    },
    "description": "Disc.",
    "score": 0.99,
    "line": 15,
    "__imgscaled": true,
    "x": 1531,
    "y": 1204,
    "height": 32,
    "tag": ""
   },
   {
    "boundingPoly": {
     "vertices": [
      {
       "x": 1604,
       "y": 1204
      },
      {
       "x": 1636,
       "y": 1204
      },
      {
       "x": 1636,
       "y": 1234
      },
      {
       "x": 1604,
       "y": 1234
      }
     ]
    },
    "description": "%",
    "score": 0.99,
    "line": 15,
    "__imgscaled": true,
    "x": 1604,
    "y": 1204,
    "height": 30,
    "tag": ""
   },
   {
    "boundingPoly": {
     "vertices": [
      {
       "x": 1712,
       "y": 1204
      },
      {
       "x": 1830,
       "y": 1204
      },
      {
       "x": 1830,
       "y": 1236
      },
      {
       "x": 1712,
       "y": 1236
      }
     ]
    },
    "description": "Amount",
    "score": 0.99,
    "line": 15,
    "__imgscaled": true,
    "x": 1712,
    "y": 1204,
    "height": 32,
    "tag": ""
   }
  ],
  [
   {
    "boundingPoly": {
     "vertices": [
      {
       "x": 171,
       "y": 1249
      },
      {
       "x": 209,
       "y": 1249
      },
      {
       "x": 209,
       "y": 1283
      },
      {
       "x": 171,
       "y": 1283
      }
     ]
    },
    "description": "No.",
    "score": 0.99,
    "line": 16,
    "__imgscaled": true,
    "x": 171,
    "y": 1249,
    "height": 34,
    "tag": ""
   }
  ],
  [
   {
    "boundingPoly": {
     "vertices": [
      {
       "x": 173,
       "y": 1309
      },
      {
       "x": 189,
       "y": 1309
      },
      {
       "x": 189,
       "y": 1343
      },
      {
       "x": 173,
       "y": 1343
      }
     ]
    },
    "description": "1",
    "score": 0.99,
    "line": 17,
    "__imgscaled": true,
    "x": 173,
    "y": 1309,
    "height": 34,
    "tag": ""
   },
   {
    "boundingPoly": {
     "vertices": [
      {
       "x": 225,
       "y": 1312
      },
      {
       "x": 278,
       "y": 1312
      },
      {
       "x": 278,
       "y": 1347
      },
      {
       "x": 225,
       "y": 1347
      }
     ]
    },
    "description": "HP",
    "score": 0.99,
    "line": 17,
    "__imgscaled": true,
    "x": 225,
    "y": 1312,
    "height": 35,
    "tag": "description"
   },
   {
    "boundingPoly": {
     "vertices": [
      {
       "x": 282,
       "y": 1310
      },
      {
       "x": 389,
       "y": 1310
      },
      {
       "x": 389,
       "y": 1345
      },
      {
       "x": 282,
       "y": 1345
      }
     ]
    },
    "description": "951XL",
    "score": 0.99,
    "line": 17,
    "__imgscaled": true,
    "x": 282,
    "y": 1310,
    "height": 35,
    "tag": "description"
   },
   {
    "boundingPoly": {
     "vertices": [
      {
       "x": 393,
       "y": 1310
      },
      {
       "x": 511,
       "y": 1310
      },
      {
       "x": 511,
       "y": 1345
      },
      {
       "x": 393,
       "y": 1345
      }
     ]
    },
    "description": "Yellow",
    "score": 0.99,
    "line": 17,
    "__imgscaled": true,
    "x": 393,
    "y": 1310,
    "height": 35,
    "tag": "description"
   },
   {
    "boundingPoly": {
     "vertices": [
      {
       "x": 516,
       "y": 1311
      },
      {
       "x": 573,
       "y": 1311
      },
      {
       "x": 573,
       "y": 1345
      },
      {
       "x": 516,
       "y": 1345
      }
     ]
    },
    "description": "Ink",
    "score": 0.99,
    "line": 17,
    "__imgscaled": true,
    "x": 516,
    "y": 1311,
    "height": 34,
    "tag": "description"
   },
   {
    "boundingPoly": {
     "vertices": [
      {
       "x": 739,
       "y": 1308
      },
      {
       "x": 815,
       "y": 1308
      },
      {
       "x": 815,
       "y": 1338
      },
      {
       "x": 739,
       "y": 1338
      }
     ]
    },
    "description": "8443",
    "score": 0.99,
    "line": 17,
    "__imgscaled": true,
    "x": 739,
    "y": 1308,
    "height": 30,
    "tag": ""
   },
   {
    "boundingPoly": {
     "vertices": [
      {
       "x": 936,
       "y": 1307
      },
      {
       "x": 1082,
       "y": 1307
      },
      {
       "x": 1082,
       "y": 1339
      },
      {
       "x": 936,
       "y": 1339
      }
     ]
    },
    "description": "CN048AA",
    "score": 0.99,
    "line": 17,
    "__imgscaled": true,
    "x": 936,
    "y": 1307,
    "height": 32,
    "tag": ""
   },
   {
    "boundingPoly": {
     "vertices": [
      {
       "x": 1160,
       "y": 1309
      },
      {
       "x": 1180,
       "y": 1309
      },
      {
       "x": 1180,
       "y": 1344
      },
      {
       "x": 1160,
       "y": 1344
      }
     ]
    },
    "description": "1",
    "score": 0.99,
    "line": 17,
    "__imgscaled": true,
    "x": 1160,
    "y": 1309,
    "height": 35,
    "tag": "quantity"
   },
   {
    "boundingPoly": {
     "vertices": [
      {
       "x": 1189,
       "y": 1308
      },
      {
       "x": 1260,
       "y": 1308
      },
      {
       "x": 1260,
       "y": 1344
      },
      {
       "x": 1189,
       "y": 1344
      }
     ]
    },
    "description": "Nos",
    "score": 0.99,
    "line": 17,
    "__imgscaled": true,
    "x": 1189,
    "y": 1308,
    "height": 36,
    "tag": "quantity"
   },
   {
    "boundingPoly": {
     "vertices": [
      {
       "x": 1309,
       "y": 1307
      },
      {
       "x": 1440,
       "y": 1307
      },
      {
       "x": 1440,
       "y": 1339
      },
      {
       "x": 1309,
       "y": 1339
      }
     ]
    },
    "description": "1,743.27",
    "score": 0.95,
    "line": 17,
    "__imgscaled": true,
    "x": 1309,
    "y": 1307,
    "height": 32,
    "tag": "unit-price"
   },
   {
    "boundingPoly": {
     "vertices": [
      {
       "x": 1456,
       "y": 1306
      },
      {
       "x": 1518,
       "y": 1306
      },
      {
       "x": 1518,
       "y": 1337
      },
      {
       "x": 1456,
       "y": 1337
      }
     ]
    },
    "description": "Nos",
    "score": 0.99,
    "line": 17,
    "__imgscaled": true,
    "x": 1456,
    "y": 1306,
    "height": 31,
    "tag": ""
   },
   {
    "boundingPoly": {
     "vertices": [
      {
       "x": 1752,
       "y": 1307
      },
      {
       "x": 1892,
       "y": 1307
      },
      {
       "x": 1892,
       "y": 1347
      },
      {
       "x": 1752,
       "y": 1347
      }
     ]
    },
    "description": "1,743.27",
    "score": 0.99,
    "line": 17,
    "__imgscaled": true,
    "x": 1752,
    "y": 1307,
    "height": 40,
    "tag": "line-amount"
   }
  ],
  [
   {
    "boundingPoly": {
     "vertices": [
      {
       "x": 226,
       "y": 1353
      },
      {
       "x": 386,
       "y": 1353
      },
      {
       "x": 386,
       "y": 1394
      },
      {
       "x": 226,
       "y": 1394
      }
     ]
    },
    "description": "Cartridge",
    "score": 0.99,
    "line": 18,
    "__imgscaled": true,
    "x": 226,
    "y": 1353,
    "height": 41,
    "tag": ""
   }
  ],
  [
   {
    "boundingPoly": {
     "vertices": [
      {
       "x": 263,
       "y": 1393
      },
      {
       "x": 628,
       "y": 1393
      },
      {
       "x": 628,
       "y": 1427
      },
      {
       "x": 263,
       "y": 1427
      }
     ]
    },
    "description": "20066428\/CN4CPCV1B7",
    "score": 0.99,
    "line": 19,
    "__imgscaled": true,
    "x": 263,
    "y": 1393,
    "height": 34,
    "tag": ""
   }
  ],
  [
   {
    "boundingPoly": {
     "vertices": [
      {
       "x": 365,
       "y": 1518
      },
      {
       "x": 517,
       "y": 1518
      },
      {
       "x": 517,
       "y": 1555
      },
      {
       "x": 365,
       "y": 1555
      }
     ]
    },
    "description": "OUTPUT",
    "score": 0.99,
    "line": 20,
    "__imgscaled": true,
    "x": 365,
    "y": 1518,
    "height": 37,
    "tag": ""
   },
   {
    "boundingPoly": {
     "vertices": [
      {
       "x": 519,
       "y": 1518
      },
      {
       "x": 623,
       "y": 1518
      },
      {
       "x": 623,
       "y": 1553
      },
      {
       "x": 519,
       "y": 1553
      }
     ]
    },
    "description": "CGST",
    "score": 0.99,
    "line": 20,
    "__imgscaled": true,
    "x": 519,
    "y": 1518,
    "height": 35,
    "tag": ""
   },
   {
    "boundingPoly": {
     "vertices": [
      {
       "x": 625,
       "y": 1518
      },
      {
       "x": 666,
       "y": 1518
      },
      {
       "x": 666,
       "y": 1558
      },
      {
       "x": 625,
       "y": 1558
      }
     ]
    },
    "description": "@",
    "score": 0.99,
    "line": 20,
    "__imgscaled": true,
    "x": 625,
    "y": 1518,
    "height": 40,
    "tag": ""
   },
   {
    "boundingPoly": {
     "vertices": [
      {
       "x": 670,
       "y": 1517
      },
      {
       "x": 727,
       "y": 1517
      },
      {
       "x": 727,
       "y": 1553
      },
      {
       "x": 670,
       "y": 1553
      }
     ]
    },
    "description": "9%",
    "score": 0.99,
    "line": 20,
    "__imgscaled": true,
    "x": 670,
    "y": 1517,
    "height": 36,
    "tag": ""
   },
   {
    "boundingPoly": {
     "vertices": [
      {
       "x": 1416,
       "y": 1516
      },
      {
       "x": 1441,
       "y": 1516
      },
      {
       "x": 1441,
       "y": 1550
      },
      {
       "x": 1416,
       "y": 1550
      }
     ]
    },
    "description": "9",
    "score": 0.99,
    "line": 20,
    "__imgscaled": true,
    "x": 1416,
    "y": 1516,
    "height": 34,
    "tag": ""
   },
   {
    "boundingPoly": {
     "vertices": [
      {
       "x": 1454,
       "y": 1514
      },
      {
       "x": 1491,
       "y": 1514
      },
      {
       "x": 1491,
       "y": 1551
      },
      {
       "x": 1454,
       "y": 1551
      }
     ]
    },
    "description": "%",
    "score": 0.99,
    "line": 20,
    "__imgscaled": true,
    "x": 1454,
    "y": 1514,
    "height": 37,
    "tag": ""
   },
   {
    "boundingPoly": {
     "vertices": [
      {
       "x": 1782,
       "y": 1516
      },
      {
       "x": 1891,
       "y": 1516
      },
      {
       "x": 1891,
       "y": 1550
      },
      {
       "x": 1782,
       "y": 1550
      }
     ]
    },
    "description": "156.89",
    "score": 0.99,
    "line": 20,
    "__imgscaled": true,
    "x": 1782,
    "y": 1516,
    "height": 34,
    "tag": ""
   }
  ],
  [
   {
    "boundingPoly": {
     "vertices": [
      {
       "x": 368,
       "y": 1562
      },
      {
       "x": 520,
       "y": 1562
      },
      {
       "x": 520,
       "y": 1598
      },
      {
       "x": 368,
       "y": 1598
      }
     ]
    },
    "description": "OUTPUT",
    "score": 0.99,
    "line": 21,
    "__imgscaled": true,
    "x": 368,
    "y": 1562,
    "height": 36,
    "tag": ""
   },
   {
    "boundingPoly": {
     "vertices": [
      {
       "x": 520,
       "y": 1561
      },
      {
       "x": 623,
       "y": 1561
      },
      {
       "x": 623,
       "y": 1597
      },
      {
       "x": 520,
       "y": 1597
      }
     ]
    },
    "description": "SGST",
    "score": 0.99,
    "line": 21,
    "__imgscaled": true,
    "x": 520,
    "y": 1561,
    "height": 36,
    "tag": ""
   },
   {
    "boundingPoly": {
     "vertices": [
      {
       "x": 625,
       "y": 1561
      },
      {
       "x": 666,
       "y": 1561
      },
      {
       "x": 666,
       "y": 1601
      },
      {
       "x": 625,
       "y": 1601
      }
     ]
    },
    "description": "@",
    "score": 0.99,
    "line": 21,
    "__imgscaled": true,
    "x": 625,
    "y": 1561,
    "height": 40,
    "tag": ""
   },
   {
    "boundingPoly": {
     "vertices": [
      {
       "x": 671,
       "y": 1561
      },
      {
       "x": 727,
       "y": 1561
      },
      {
       "x": 727,
       "y": 1596
      },
      {
       "x": 671,
       "y": 1596
      }
     ]
    },
    "description": "9%",
    "score": 0.99,
    "line": 21,
    "__imgscaled": true,
    "x": 671,
    "y": 1561,
    "height": 35,
    "tag": ""
   },
   {
    "boundingPoly": {
     "vertices": [
      {
       "x": 1417,
       "y": 1558
      },
      {
       "x": 1441,
       "y": 1558
      },
      {
       "x": 1441,
       "y": 1593
      },
      {
       "x": 1417,
       "y": 1593
      }
     ]
    },
    "description": "9",
    "score": 0.99,
    "line": 21,
    "__imgscaled": true,
    "x": 1417,
    "y": 1558,
    "height": 35,
    "tag": ""
   },
   {
    "boundingPoly": {
     "vertices": [
      {
       "x": 1454,
       "y": 1558
      },
      {
       "x": 1491,
       "y": 1558
      },
      {
       "x": 1491,
       "y": 1595
      },
      {
       "x": 1454,
       "y": 1595
      }
     ]
    },
    "description": "%",
    "score": 0.99,
    "line": 21,
    "__imgscaled": true,
    "x": 1454,
    "y": 1558,
    "height": 37,
    "tag": ""
   },
   {
    "boundingPoly": {
     "vertices": [
      {
       "x": 1783,
       "y": 1559
      },
      {
       "x": 1893,
       "y": 1559
      },
      {
       "x": 1893,
       "y": 1594
      },
      {
       "x": 1783,
       "y": 1594
      }
     ]
    },
    "description": "156.89",
    "score": 0.99,
    "line": 21,
    "__imgscaled": true,
    "x": 1783,
    "y": 1559,
    "height": 35,
    "tag": ""
   }
  ],
  [
   {
    "boundingPoly": {
     "vertices": [
      {
       "x": 650,
       "y": 1718
      },
      {
       "x": 726,
       "y": 1718
      },
      {
       "x": 726,
       "y": 1749
      },
      {
       "x": 650,
       "y": 1749
      }
     ]
    },
    "description": "Total",
    "score": 0.99,
    "line": 22,
    "__imgscaled": true,
    "x": 650,
    "y": 1718,
    "height": 31,
    "tag": ""
   },
   {
    "boundingPoly": {
     "vertices": [
      {
       "x": 1162,
       "y": 1718
      },
      {
       "x": 1183,
       "y": 1718
      },
      {
       "x": 1183,
       "y": 1752
      },
      {
       "x": 1162,
       "y": 1752
      }
     ]
    },
    "description": "1",
    "score": 0.99,
    "line": 22,
    "__imgscaled": true,
    "x": 1162,
    "y": 1718,
    "height": 34,
    "tag": ""
   },
   {
    "boundingPoly": {
     "vertices": [
      {
       "x": 1192,
       "y": 1718
      },
      {
       "x": 1261,
       "y": 1718
      },
      {
       "x": 1261,
       "y": 1752
      },
      {
       "x": 1192,
       "y": 1752
      }
     ]
    },
    "description": "Nos",
    "score": 0.99,
    "line": 22,
    "__imgscaled": true,
    "x": 1192,
    "y": 1718,
    "height": 34,
    "tag": ""
   },
   {
    "boundingPoly": {
     "vertices": [
      {
       "x": 1681,
       "y": 1722
      },
      {
       "x": 1711,
       "y": 1722
      },
      {
       "x": 1711,
       "y": 1764
      },
      {
       "x": 1681,
       "y": 1764
      }
     ]
    },
    "description": "R",
    "score": 0.77,
    "line": 22,
    "__imgscaled": true,
    "x": 1681,
    "y": 1722,
    "height": 42,
    "tag": ""
   },
   {
    "boundingPoly": {
     "vertices": [
      {
       "x": 1718,
       "y": 1718
      },
      {
       "x": 1891,
       "y": 1718
      },
      {
       "x": 1891,
       "y": 1765
      },
      {
       "x": 1718,
       "y": 1765
      }
     ]
    },
    "description": "2,057.05",
    "score": 0.99,
    "line": 22,
    "__imgscaled": true,
    "x": 1718,
    "y": 1718,
    "height": 47,
    "tag": "net-amount"
   }
  ],
  [
   {
    "boundingPoly": {
     "vertices": [
      {
       "x": 174,
       "y": 1771
      },
      {
       "x": 283,
       "y": 1771
      },
      {
       "x": 283,
       "y": 1803
      },
      {
       "x": 174,
       "y": 1803
      }
     ]
    },
    "description": "Amount",
    "score": 0.99,
    "line": 23,
    "__imgscaled": true,
    "x": 174,
    "y": 1771,
    "height": 32,
    "tag": ""
   },
   {
    "boundingPoly": {
     "vertices": [
      {
       "x": 286,
       "y": 1770
      },
      {
       "x": 445,
       "y": 1770
      },
      {
       "x": 445,
       "y": 1809
      },
      {
       "x": 286,
       "y": 1809
      }
     ]
    },
    "description": "Chargeable",
    "score": 0.99,
    "line": 23,
    "__imgscaled": true,
    "x": 286,
    "y": 1770,
    "height": 39,
    "tag": ""
   },
   {
    "boundingPoly": {
     "vertices": [
      {
       "x": 448,
       "y": 1770
      },
      {
       "x": 485,
       "y": 1770
      },
      {
       "x": 485,
       "y": 1806
      },
      {
       "x": 448,
       "y": 1806
      }
     ]
    },
    "description": "(in",
    "score": 0.99,
    "line": 23,
    "__imgscaled": true,
    "x": 448,
    "y": 1770,
    "height": 36,
    "tag": ""
   },
   {
    "boundingPoly": {
     "vertices": [
      {
       "x": 488,
       "y": 1770
      },
      {
       "x": 582,
       "y": 1770
      },
      {
       "x": 582,
       "y": 1807
      },
      {
       "x": 488,
       "y": 1807
      }
     ]
    },
    "description": "words)",
    "score": 0.99,
    "line": 23,
    "__imgscaled": true,
    "x": 488,
    "y": 1770,
    "height": 37,
    "tag": ""
   },
   {
    "boundingPoly": {
     "vertices": [
      {
       "x": 1767,
       "y": 1767
      },
      {
       "x": 1801,
       "y": 1767
      },
      {
       "x": 1801,
       "y": 1800
      },
      {
       "x": 1767,
       "y": 1800
      }
     ]
    },
    "description": "E.",
    "score": 0.99,
    "line": 23,
    "__imgscaled": true,
    "x": 1767,
    "y": 1767,
    "height": 33,
    "tag": ""
   },
   {
    "boundingPoly": {
     "vertices": [
      {
       "x": 1807,
       "y": 1768
      },
      {
       "x": 1833,
       "y": 1768
      },
      {
       "x": 1833,
       "y": 1799
      },
      {
       "x": 1807,
       "y": 1799
      }
     ]
    },
    "description": "&",
    "score": 0.99,
    "line": 23,
    "__imgscaled": true,
    "x": 1807,
    "y": 1768,
    "height": 31,
    "tag": ""
   },
   {
    "boundingPoly": {
     "vertices": [
      {
       "x": 1837,
       "y": 1766
      },
      {
       "x": 1900,
       "y": 1766
      },
      {
       "x": 1900,
       "y": 1799
      },
      {
       "x": 1837,
       "y": 1799
      }
     ]
    },
    "description": "O.E",
    "score": 0.99,
    "line": 23,
    "__imgscaled": true,
    "x": 1837,
    "y": 1766,
    "height": 33,
    "tag": ""
   }
  ],
  [
   {
    "boundingPoly": {
     "vertices": [
      {
       "x": 175,
       "y": 1819
      },
      {
       "x": 241,
       "y": 1819
      },
      {
       "x": 241,
       "y": 1853
      },
      {
       "x": 175,
       "y": 1853
      }
     ]
    },
    "description": "INR",
    "score": 0.99,
    "line": 24,
    "__imgscaled": true,
    "x": 175,
    "y": 1819,
    "height": 34,
    "tag": ""
   },
   {
    "boundingPoly": {
     "vertices": [
      {
       "x": 245,
       "y": 1819
      },
      {
       "x": 322,
       "y": 1819
      },
      {
       "x": 322,
       "y": 1853
      },
      {
       "x": 245,
       "y": 1853
      }
     ]
    },
    "description": "Two",
    "score": 0.99,
    "line": 24,
    "__imgscaled": true,
    "x": 245,
    "y": 1819,
    "height": 34,
    "tag": ""
   },
   {
    "boundingPoly": {
     "vertices": [
      {
       "x": 324,
       "y": 1818
      },
      {
       "x": 499,
       "y": 1818
      },
      {
       "x": 499,
       "y": 1853
      },
      {
       "x": 324,
       "y": 1853
      }
     ]
    },
    "description": "Thousand",
    "score": 0.99,
    "line": 24,
    "__imgscaled": true,
    "x": 324,
    "y": 1818,
    "height": 35,
    "tag": ""
   },
   {
    "boundingPoly": {
     "vertices": [
      {
       "x": 505,
       "y": 1818
      },
      {
       "x": 584,
       "y": 1818
      },
      {
       "x": 584,
       "y": 1860
      },
      {
       "x": 505,
       "y": 1860
      }
     ]
    },
    "description": "Fifty",
    "score": 0.99,
    "line": 24,
    "__imgscaled": true,
    "x": 505,
    "y": 1818,
    "height": 42,
    "tag": ""
   },
   {
    "boundingPoly": {
     "vertices": [
      {
       "x": 588,
       "y": 1818
      },
      {
       "x": 696,
       "y": 1818
      },
      {
       "x": 696,
       "y": 1852
      },
      {
       "x": 588,
       "y": 1852
      }
     ]
    },
    "description": "Seven",
    "score": 0.99,
    "line": 24,
    "__imgscaled": true,
    "x": 588,
    "y": 1818,
    "height": 34,
    "tag": ""
   },
   {
    "boundingPoly": {
     "vertices": [
      {
       "x": 701,
       "y": 1818
      },
      {
       "x": 770,
       "y": 1818
      },
      {
       "x": 770,
       "y": 1852
      },
      {
       "x": 701,
       "y": 1852
      }
     ]
    },
    "description": "and",
    "score": 0.99,
    "line": 24,
    "__imgscaled": true,
    "x": 701,
    "y": 1818,
    "height": 34,
    "tag": ""
   },
   {
    "boundingPoly": {
     "vertices": [
      {
       "x": 775,
       "y": 1817
      },
      {
       "x": 852,
       "y": 1817
      },
      {
       "x": 852,
       "y": 1852
      },
      {
       "x": 775,
       "y": 1852
      }
     ]
    },
    "description": "Five",
    "score": 0.99,
    "line": 24,
    "__imgscaled": true,
    "x": 775,
    "y": 1817,
    "height": 35,
    "tag": ""
   },
   {
    "boundingPoly": {
     "vertices": [
      {
       "x": 857,
       "y": 1817
      },
      {
       "x": 953,
       "y": 1817
      },
      {
       "x": 953,
       "y": 1858
      },
      {
       "x": 857,
       "y": 1858
      }
     ]
    },
    "description": "paise",
    "score": 0.99,
    "line": 24,
    "__imgscaled": true,
    "x": 857,
    "y": 1817,
    "height": 41,
    "tag": ""
   },
   {
    "boundingPoly": {
     "vertices": [
      {
       "x": 956,
       "y": 1816
      },
      {
       "x": 1040,
       "y": 1816
      },
      {
       "x": 1040,
       "y": 1860
      },
      {
       "x": 956,
       "y": 1860
      }
     ]
    },
    "description": "Only",
    "score": 0.99,
    "line": 24,
    "__imgscaled": true,
    "x": 956,
    "y": 1816,
    "height": 44,
    "tag": ""
   }
  ],
  [
   {
    "boundingPoly": {
     "vertices": [
      {
       "x": 436,
       "y": 1869
      },
      {
       "x": 582,
       "y": 1869
      },
      {
       "x": 582,
       "y": 1902
      },
      {
       "x": 436,
       "y": 1902
      }
     ]
    },
    "description": "HSN\/SAC",
    "score": 0.99,
    "line": 25,
    "__imgscaled": true,
    "x": 436,
    "y": 1869,
    "height": 33,
    "tag": ""
   },
   {
    "boundingPoly": {
     "vertices": [
      {
       "x": 911,
       "y": 1867
      },
      {
       "x": 1030,
       "y": 1867
      },
      {
       "x": 1030,
       "y": 1899
      },
      {
       "x": 911,
       "y": 1899
      }
     ]
    },
    "description": "Taxable",
    "score": 0.99,
    "line": 25,
    "__imgscaled": true,
    "x": 911,
    "y": 1867,
    "height": 32,
    "tag": ""
   },
   {
    "boundingPoly": {
     "vertices": [
      {
       "x": 1142,
       "y": 1867
      },
      {
       "x": 1251,
       "y": 1867
      },
      {
       "x": 1251,
       "y": 1899
      },
      {
       "x": 1142,
       "y": 1899
      }
     ]
    },
    "description": "Central",
    "score": 0.99,
    "line": 25,
    "__imgscaled": true,
    "x": 1142,
    "y": 1867,
    "height": 32,
    "tag": ""
   },
   {
    "boundingPoly": {
     "vertices": [
      {
       "x": 1254,
       "y": 1866
      },
      {
       "x": 1313,
       "y": 1866
      },
      {
       "x": 1313,
       "y": 1899
      },
      {
       "x": 1254,
       "y": 1899
      }
     ]
    },
    "description": "Tax",
    "score": 0.99,
    "line": 25,
    "__imgscaled": true,
    "x": 1254,
    "y": 1866,
    "height": 33,
    "tag": ""
   },
   {
    "boundingPoly": {
     "vertices": [
      {
       "x": 1476,
       "y": 1867
      },
      {
       "x": 1556,
       "y": 1867
      },
      {
       "x": 1556,
       "y": 1898
      },
      {
       "x": 1476,
       "y": 1898
      }
     ]
    },
    "description": "State",
    "score": 0.99,
    "line": 25,
    "__imgscaled": true,
    "x": 1476,
    "y": 1867,
    "height": 31,
    "tag": ""
   },
   {
    "boundingPoly": {
     "vertices": [
      {
       "x": 1558,
       "y": 1867
      },
      {
       "x": 1619,
       "y": 1867
      },
      {
       "x": 1619,
       "y": 1898
      },
      {
       "x": 1558,
       "y": 1898
      }
     ]
    },
    "description": "Tax",
    "score": 0.99,
    "line": 25,
    "__imgscaled": true,
    "x": 1558,
    "y": 1867,
    "height": 31,
    "tag": ""
   },
   {
    "boundingPoly": {
     "vertices": [
      {
       "x": 1766,
       "y": 1867
      },
      {
       "x": 1839,
       "y": 1867
      },
      {
       "x": 1839,
       "y": 1897
      },
      {
       "x": 1766,
       "y": 1897
      }
     ]
    },
    "description": "Total",
    "score": 0.99,
    "line": 25,
    "__imgscaled": true,
    "x": 1766,
    "y": 1867,
    "height": 30,
    "tag": ""
   }
  ],
  [
   {
    "boundingPoly": {
     "vertices": [
      {
       "x": 930,
       "y": 1906
      },
      {
       "x": 1016,
       "y": 1906
      },
      {
       "x": 1016,
       "y": 1937
      },
      {
       "x": 930,
       "y": 1937
      }
     ]
    },
    "description": "Value",
    "score": 0.99,
    "line": 26,
    "__imgscaled": true,
    "x": 930,
    "y": 1906,
    "height": 31,
    "tag": ""
   },
   {
    "boundingPoly": {
     "vertices": [
      {
       "x": 1095,
       "y": 1906
      },
      {
       "x": 1167,
       "y": 1906
      },
      {
       "x": 1167,
       "y": 1936
      },
      {
       "x": 1095,
       "y": 1936
      }
     ]
    },
    "description": "Rate",
    "score": 0.99,
    "line": 26,
    "__imgscaled": true,
    "x": 1095,
    "y": 1906,
    "height": 30,
    "tag": ""
   },
   {
    "boundingPoly": {
     "vertices": [
      {
       "x": 1229,
       "y": 1905
      },
      {
       "x": 1347,
       "y": 1905
      },
      {
       "x": 1347,
       "y": 1936
      },
      {
       "x": 1229,
       "y": 1936
      }
     ]
    },
    "description": "Amount",
    "score": 0.99,
    "line": 26,
    "__imgscaled": true,
    "x": 1229,
    "y": 1905,
    "height": 31,
    "tag": ""
   },
   {
    "boundingPoly": {
     "vertices": [
      {
       "x": 1411,
       "y": 1904
      },
      {
       "x": 1484,
       "y": 1904
      },
      {
       "x": 1484,
       "y": 1936
      },
      {
       "x": 1411,
       "y": 1936
      }
     ]
    },
    "description": "Rate",
    "score": 0.99,
    "line": 26,
    "__imgscaled": true,
    "x": 1411,
    "y": 1904,
    "height": 32,
    "tag": ""
   },
   {
    "boundingPoly": {
     "vertices": [
      {
       "x": 1547,
       "y": 1905
      },
      {
       "x": 1666,
       "y": 1905
      },
      {
       "x": 1666,
       "y": 1935
      },
      {
       "x": 1547,
       "y": 1935
      }
     ]
    },
    "description": "Amount",
    "score": 0.99,
    "line": 26,
    "__imgscaled": true,
    "x": 1547,
    "y": 1905,
    "height": 30,
    "tag": ""
   },
   {
    "boundingPoly": {
     "vertices": [
      {
       "x": 1716,
       "y": 1904
      },
      {
       "x": 1776,
       "y": 1904
      },
      {
       "x": 1776,
       "y": 1935
      },
      {
       "x": 1716,
       "y": 1935
      }
     ]
    },
    "description": "Tax",
    "score": 0.99,
    "line": 26,
    "__imgscaled": true,
    "x": 1716,
    "y": 1904,
    "height": 31,
    "tag": ""
   },
   {
    "boundingPoly": {
     "vertices": [
      {
       "x": 1777,
       "y": 1904
      },
      {
       "x": 1892,
       "y": 1904
      },
      {
       "x": 1892,
       "y": 1934
      },
      {
       "x": 1777,
       "y": 1934
      }
     ]
    },
    "description": "Amount",
    "score": 0.99,
    "line": 26,
    "__imgscaled": true,
    "x": 1777,
    "y": 1904,
    "height": 30,
    "tag": ""
   }
  ],
  [
   {
    "boundingPoly": {
     "vertices": [
      {
       "x": 175,
       "y": 1945
      },
      {
       "x": 252,
       "y": 1945
      },
      {
       "x": 252,
       "y": 1978
      },
      {
       "x": 175,
       "y": 1978
      }
     ]
    },
    "description": "8443",
    "score": 0.99,
    "line": 27,
    "__imgscaled": true,
    "x": 175,
    "y": 1945,
    "height": 33,
    "tag": ""
   },
   {
    "boundingPoly": {
     "vertices": [
      {
       "x": 937,
       "y": 1943
      },
      {
       "x": 1066,
       "y": 1943
      },
      {
       "x": 1066,
       "y": 1976
      },
      {
       "x": 937,
       "y": 1976
      }
     ]
    },
    "description": "1,743.27",
    "score": 0.99,
    "line": 27,
    "__imgscaled": true,
    "x": 937,
    "y": 1943,
    "height": 33,
    "tag": ""
   },
   {
    "boundingPoly": {
     "vertices": [
      {
       "x": 1131,
       "y": 1942
      },
      {
       "x": 1183,
       "y": 1942
      },
      {
       "x": 1183,
       "y": 1974
      },
      {
       "x": 1131,
       "y": 1974
      }
     ]
    },
    "description": "9%",
    "score": 0.99,
    "line": 27,
    "__imgscaled": true,
    "x": 1131,
    "y": 1942,
    "height": 32,
    "tag": "tax"
   },
   {
    "boundingPoly": {
     "vertices": [
      {
       "x": 1278,
       "y": 1942
      },
      {
       "x": 1379,
       "y": 1942
      },
      {
       "x": 1379,
       "y": 1974
      },
      {
       "x": 1278,
       "y": 1974
      }
     ]
    },
    "description": "156.89",
    "score": 0.99,
    "line": 27,
    "__imgscaled": true,
    "x": 1278,
    "y": 1942,
    "height": 32,
    "tag": ""
   },
   {
    "boundingPoly": {
     "vertices": [
      {
       "x": 1447,
       "y": 1941
      },
      {
       "x": 1499,
       "y": 1941
      },
      {
       "x": 1499,
       "y": 1973
      },
      {
       "x": 1447,
       "y": 1973
      }
     ]
    },
    "description": "9%",
    "score": 0.99,
    "line": 27,
    "__imgscaled": true,
    "x": 1447,
    "y": 1941,
    "height": 32,
    "tag": ""
   },
   {
    "boundingPoly": {
     "vertices": [
      {
       "x": 1599,
       "y": 1941
      },
      {
       "x": 1699,
       "y": 1941
      },
      {
       "x": 1699,
       "y": 1973
      },
      {
       "x": 1599,
       "y": 1973
      }
     ]
    },
    "description": "156.89",
    "score": 0.99,
    "line": 27,
    "__imgscaled": true,
    "x": 1599,
    "y": 1941,
    "height": 32,
    "tag": ""
   },
   {
    "boundingPoly": {
     "vertices": [
      {
       "x": 1794,
       "y": 1941
      },
      {
       "x": 1898,
       "y": 1941
      },
      {
       "x": 1898,
       "y": 1974
      },
      {
       "x": 1794,
       "y": 1974
      }
     ]
    },
    "description": "313.78",
    "score": 0.99,
    "line": 27,
    "__imgscaled": true,
    "x": 1794,
    "y": 1941,
    "height": 33,
    "tag": ""
   }
  ],
  [
   {
    "boundingPoly": {
     "vertices": [
      {
       "x": 786,
       "y": 1982
      },
      {
       "x": 867,
       "y": 1982
      },
      {
       "x": 867,
       "y": 2014
      },
      {
       "x": 786,
       "y": 2014
      }
     ]
    },
    "description": "Total",
    "score": 0.99,
    "line": 28,
    "__imgscaled": true,
    "x": 786,
    "y": 1982,
    "height": 32,
    "tag": ""
   },
   {
    "boundingPoly": {
     "vertices": [
      {
       "x": 940,
       "y": 1981
      },
      {
       "x": 1064,
       "y": 1981
      },
      {
       "x": 1064,
       "y": 2016
      },
      {
       "x": 940,
       "y": 2016
      }
     ]
    },
    "description": "1,743.27",
    "score": 0.99,
    "line": 28,
    "__imgscaled": true,
    "x": 940,
    "y": 1981,
    "height": 35,
    "tag": "total"
   },
   {
    "boundingPoly": {
     "vertices": [
      {
       "x": 1277,
       "y": 1982
      },
      {
       "x": 1380,
       "y": 1982
      },
      {
       "x": 1380,
       "y": 2013
      },
      {
       "x": 1277,
       "y": 2013
      }
     ]
    },
    "description": "156.89",
    "score": 0.99,
    "line": 28,
    "__imgscaled": true,
    "x": 1277,
    "y": 1982,
    "height": 31,
    "tag": ""
   },
   {
    "boundingPoly": {
     "vertices": [
      {
       "x": 1597,
       "y": 1981
      },
      {
       "x": 1698,
       "y": 1981
      },
      {
       "x": 1698,
       "y": 2014
      },
      {
       "x": 1597,
       "y": 2014
      }
     ]
    },
    "description": "156.89",
    "score": 0.99,
    "line": 28,
    "__imgscaled": true,
    "x": 1597,
    "y": 1981,
    "height": 33,
    "tag": ""
   },
   {
    "boundingPoly": {
     "vertices": [
      {
       "x": 1795,
       "y": 1980
      },
      {
       "x": 1897,
       "y": 1980
      },
      {
       "x": 1897,
       "y": 2012
      },
      {
       "x": 1795,
       "y": 2012
      }
     ]
    },
    "description": "313.78",
    "score": 0.99,
    "line": 28,
    "__imgscaled": true,
    "x": 1795,
    "y": 1980,
    "height": 32,
    "tag": ""
   }
  ],
  [
   {
    "boundingPoly": {
     "vertices": [
      {
       "x": 176,
       "y": 2045
      },
      {
       "x": 232,
       "y": 2045
      },
      {
       "x": 232,
       "y": 2072
      },
      {
       "x": 176,
       "y": 2072
      }
     ]
    },
    "description": "Tax",
    "score": 0.99,
    "line": 29,
    "__imgscaled": true,
    "x": 176,
    "y": 2045,
    "height": 27,
    "tag": ""
   },
   {
    "boundingPoly": {
     "vertices": [
      {
       "x": 232,
       "y": 2044
      },
      {
       "x": 343,
       "y": 2044
      },
      {
       "x": 343,
       "y": 2073
      },
      {
       "x": 232,
       "y": 2073
      }
     ]
    },
    "description": "Amount",
    "score": 0.99,
    "line": 29,
    "__imgscaled": true,
    "x": 232,
    "y": 2044,
    "height": 29,
    "tag": ""
   },
   {
    "boundingPoly": {
     "vertices": [
      {
       "x": 346,
       "y": 2044
      },
      {
       "x": 382,
       "y": 2044
      },
      {
       "x": 382,
       "y": 2078
      },
      {
       "x": 346,
       "y": 2078
      }
     ]
    },
    "description": "(in",
    "score": 0.99,
    "line": 29,
    "__imgscaled": true,
    "x": 346,
    "y": 2044,
    "height": 34,
    "tag": ""
   },
   {
    "boundingPoly": {
     "vertices": [
      {
       "x": 386,
       "y": 2044
      },
      {
       "x": 479,
       "y": 2044
      },
      {
       "x": 479,
       "y": 2076
      },
      {
       "x": 386,
       "y": 2076
      }
     ]
    },
    "description": "words)",
    "score": 0.99,
    "line": 29,
    "__imgscaled": true,
    "x": 386,
    "y": 2044,
    "height": 32,
    "tag": ""
   },
   {
    "boundingPoly": {
     "vertices": [
      {
       "x": 492,
       "y": 2047
      },
      {
       "x": 503,
       "y": 2047
      },
      {
       "x": 503,
       "y": 2071
      },
      {
       "x": 492,
       "y": 2071
      }
     ]
    },
    "description": ":",
    "score": 0.99,
    "line": 29,
    "__imgscaled": true,
    "x": 492,
    "y": 2047,
    "height": 24,
    "tag": ""
   },
   {
    "boundingPoly": {
     "vertices": [
      {
       "x": 519,
       "y": 2045
      },
      {
       "x": 585,
       "y": 2045
      },
      {
       "x": 585,
       "y": 2076
      },
      {
       "x": 519,
       "y": 2076
      }
     ]
    },
    "description": "INR",
    "score": 0.99,
    "line": 29,
    "__imgscaled": true,
    "x": 519,
    "y": 2045,
    "height": 31,
    "tag": ""
   },
   {
    "boundingPoly": {
     "vertices": [
      {
       "x": 589,
       "y": 2044
      },
      {
       "x": 691,
       "y": 2044
      },
      {
       "x": 691,
       "y": 2075
      },
      {
       "x": 589,
       "y": 2075
      }
     ]
    },
    "description": "Three",
    "score": 0.99,
    "line": 29,
    "__imgscaled": true,
    "x": 589,
    "y": 2044,
    "height": 31,
    "tag": ""
   },
   {
    "boundingPoly": {
     "vertices": [
      {
       "x": 696,
       "y": 2043
      },
      {
       "x": 845,
       "y": 2043
      },
      {
       "x": 845,
       "y": 2075
      },
      {
       "x": 696,
       "y": 2075
      }
     ]
    },
    "description": "Hundred",
    "score": 0.99,
    "line": 29,
    "__imgscaled": true,
    "x": 696,
    "y": 2043,
    "height": 32,
    "tag": ""
   },
   {
    "boundingPoly": {
     "vertices": [
      {
       "x": 851,
       "y": 2042
      },
      {
       "x": 996,
       "y": 2042
      },
      {
       "x": 996,
       "y": 2075
      },
      {
       "x": 851,
       "y": 2075
      }
     ]
    },
    "description": "Thirteen",
    "score": 0.99,
    "line": 29,
    "__imgscaled": true,
    "x": 851,
    "y": 2042,
    "height": 33,
    "tag": ""
   },
   {
    "boundingPoly": {
     "vertices": [
      {
       "x": 1001,
       "y": 2041
      },
      {
       "x": 1070,
       "y": 2041
      },
      {
       "x": 1070,
       "y": 2075
      },
      {
       "x": 1001,
       "y": 2075
      }
     ]
    },
    "description": "and",
    "score": 0.99,
    "line": 29,
    "__imgscaled": true,
    "x": 1001,
    "y": 2041,
    "height": 34,
    "tag": ""
   },
   {
    "boundingPoly": {
     "vertices": [
      {
       "x": 1074,
       "y": 2040
      },
      {
       "x": 1213,
       "y": 2040
      },
      {
       "x": 1213,
       "y": 2082
      },
      {
       "x": 1074,
       "y": 2082
      }
     ]
    },
    "description": "Seventy",
    "score": 0.99,
    "line": 29,
    "__imgscaled": true,
    "x": 1074,
    "y": 2040,
    "height": 42,
    "tag": ""
   },
   {
    "boundingPoly": {
     "vertices": [
      {
       "x": 1218,
       "y": 2039
      },
      {
       "x": 1312,
       "y": 2039
      },
      {
       "x": 1312,
       "y": 2082
      },
      {
       "x": 1218,
       "y": 2082
      }
     ]
    },
    "description": "Eight",
    "score": 0.99,
    "line": 29,
    "__imgscaled": true,
    "x": 1218,
    "y": 2039,
    "height": 43,
    "tag": ""
   },
   {
    "boundingPoly": {
     "vertices": [
      {
       "x": 1317,
       "y": 2040
      },
      {
       "x": 1412,
       "y": 2040
      },
      {
       "x": 1412,
       "y": 2081
      },
      {
       "x": 1317,
       "y": 2081
      }
     ]
    },
    "description": "paise",
    "score": 0.99,
    "line": 29,
    "__imgscaled": true,
    "x": 1317,
    "y": 2040,
    "height": 41,
    "tag": ""
   },
   {
    "boundingPoly": {
     "vertices": [
      {
       "x": 1416,
       "y": 2039
      },
      {
       "x": 1501,
       "y": 2039
      },
      {
       "x": 1501,
       "y": 2083
      },
      {
       "x": 1416,
       "y": 2083
      }
     ]
    },
    "description": "Only",
    "score": 0.99,
    "line": 29,
    "__imgscaled": true,
    "x": 1416,
    "y": 2039,
    "height": 44,
    "tag": ""
   }
  ],
  [
   {
    "boundingPoly": {
     "vertices": [
      {
       "x": 177,
       "y": 2361
      },
      {
       "x": 333,
       "y": 2361
      },
      {
       "x": 333,
       "y": 2392
      },
      {
       "x": 177,
       "y": 2392
      }
     ]
    },
    "description": "Declaration",
    "score": 0.99,
    "line": 30,
    "__imgscaled": true,
    "x": 177,
    "y": 2361,
    "height": 31,
    "tag": ""
   }
  ],
  [
   {
    "boundingPoly": {
     "vertices": [
      {
       "x": 163,
       "y": 2399
      },
      {
       "x": 174,
       "y": 2399
      },
      {
       "x": 174,
       "y": 2429
      },
      {
       "x": 163,
       "y": 2429
      }
     ]
    },
    "description": "i",
    "score": 0.3,
    "line": 31,
    "__imgscaled": true,
    "x": 163,
    "y": 2399,
    "height": 30,
    "tag": ""
   },
   {
    "boundingPoly": {
     "vertices": [
      {
       "x": 177,
       "y": 2398
      },
      {
       "x": 232,
       "y": 2398
      },
      {
       "x": 232,
       "y": 2430
      },
      {
       "x": 177,
       "y": 2430
      }
     ]
    },
    "description": "We",
    "score": 0.99,
    "line": 31,
    "__imgscaled": true,
    "x": 177,
    "y": 2398,
    "height": 32,
    "tag": ""
   },
   {
    "boundingPoly": {
     "vertices": [
      {
       "x": 234,
       "y": 2399
      },
      {
       "x": 345,
       "y": 2399
      },
      {
       "x": 345,
       "y": 2430
      },
      {
       "x": 234,
       "y": 2430
      }
     ]
    },
    "description": "declare",
    "score": 0.99,
    "line": 31,
    "__imgscaled": true,
    "x": 234,
    "y": 2399,
    "height": 31,
    "tag": ""
   },
   {
    "boundingPoly": {
     "vertices": [
      {
       "x": 348,
       "y": 2398
      },
      {
       "x": 407,
       "y": 2398
      },
      {
       "x": 407,
       "y": 2430
      },
      {
       "x": 348,
       "y": 2430
      }
     ]
    },
    "description": "that",
    "score": 0.99,
    "line": 31,
    "__imgscaled": true,
    "x": 348,
    "y": 2398,
    "height": 32,
    "tag": ""
   },
   {
    "boundingPoly": {
     "vertices": [
      {
       "x": 410,
       "y": 2399
      },
      {
       "x": 465,
       "y": 2399
      },
      {
       "x": 465,
       "y": 2430
      },
      {
       "x": 410,
       "y": 2430
      }
     ]
    },
    "description": "this",
    "score": 0.99,
    "line": 31,
    "__imgscaled": true,
    "x": 410,
    "y": 2399,
    "height": 31,
    "tag": ""
   },
   {
    "boundingPoly": {
     "vertices": [
      {
       "x": 468,
       "y": 2398
      },
      {
       "x": 573,
       "y": 2398
      },
      {
       "x": 573,
       "y": 2429
      },
      {
       "x": 468,
       "y": 2429
      }
     ]
    },
    "description": "invoice",
    "score": 0.99,
    "line": 31,
    "__imgscaled": true,
    "x": 468,
    "y": 2398,
    "height": 31,
    "tag": ""
   },
   {
    "boundingPoly": {
     "vertices": [
      {
       "x": 579,
       "y": 2398
      },
      {
       "x": 674,
       "y": 2398
      },
      {
       "x": 674,
       "y": 2429
      },
      {
       "x": 579,
       "y": 2429
      }
     ]
    },
    "description": "shows",
    "score": 0.99,
    "line": 31,
    "__imgscaled": true,
    "x": 579,
    "y": 2398,
    "height": 31,
    "tag": ""
   },
   {
    "boundingPoly": {
     "vertices": [
      {
       "x": 677,
       "y": 2398
      },
      {
       "x": 727,
       "y": 2398
      },
      {
       "x": 727,
       "y": 2429
      },
      {
       "x": 677,
       "y": 2429
      }
     ]
    },
    "description": "the",
    "score": 0.99,
    "line": 31,
    "__imgscaled": true,
    "x": 677,
    "y": 2398,
    "height": 31,
    "tag": ""
   },
   {
    "boundingPoly": {
     "vertices": [
      {
       "x": 731,
       "y": 2397
      },
      {
       "x": 824,
       "y": 2397
      },
      {
       "x": 824,
       "y": 2429
      },
      {
       "x": 731,
       "y": 2429
      }
     ]
    },
    "description": "actual",
    "score": 0.99,
    "line": 31,
    "__imgscaled": true,
    "x": 731,
    "y": 2397,
    "height": 32,
    "tag": ""
   },
   {
    "boundingPoly": {
     "vertices": [
      {
       "x": 827,
       "y": 2397
      },
      {
       "x": 903,
       "y": 2397
      },
      {
       "x": 903,
       "y": 2435
      },
      {
       "x": 827,
       "y": 2435
      }
     ]
    },
    "description": "price",
    "score": 0.99,
    "line": 31,
    "__imgscaled": true,
    "x": 827,
    "y": 2397,
    "height": 38,
    "tag": ""
   },
   {
    "boundingPoly": {
     "vertices": [
      {
       "x": 905,
       "y": 2395
      },
      {
       "x": 939,
       "y": 2395
      },
      {
       "x": 939,
       "y": 2428
      },
      {
       "x": 905,
       "y": 2428
      }
     ]
    },
    "description": "of",
    "score": 0.99,
    "line": 31,
    "__imgscaled": true,
    "x": 905,
    "y": 2395,
    "height": 33,
    "tag": ""
   },
   {
    "boundingPoly": {
     "vertices": [
      {
       "x": 941,
       "y": 2396
      },
      {
       "x": 991,
       "y": 2396
      },
      {
       "x": 991,
       "y": 2428
      },
      {
       "x": 941,
       "y": 2428
      }
     ]
    },
    "description": "the",
    "score": 0.99,
    "line": 31,
    "__imgscaled": true,
    "x": 941,
    "y": 2396,
    "height": 32,
    "tag": ""
   }
  ],
  [
   {
    "boundingPoly": {
     "vertices": [
      {
       "x": 177,
       "y": 2437
      },
      {
       "x": 269,
       "y": 2437
      },
      {
       "x": 269,
       "y": 2473
      },
      {
       "x": 177,
       "y": 2473
      }
     ]
    },
    "description": "goods",
    "score": 0.99,
    "line": 32,
    "__imgscaled": true,
    "x": 177,
    "y": 2437,
    "height": 36,
    "tag": ""
   },
   {
    "boundingPoly": {
     "vertices": [
      {
       "x": 273,
       "y": 2435
      },
      {
       "x": 418,
       "y": 2435
      },
      {
       "x": 418,
       "y": 2467
      },
      {
       "x": 273,
       "y": 2467
      }
     ]
    },
    "description": "described",
    "score": 0.99,
    "line": 32,
    "__imgscaled": true,
    "x": 273,
    "y": 2435,
    "height": 32,
    "tag": ""
   },
   {
    "boundingPoly": {
     "vertices": [
      {
       "x": 421,
       "y": 2436
      },
      {
       "x": 478,
       "y": 2436
      },
      {
       "x": 478,
       "y": 2466
      },
      {
       "x": 421,
       "y": 2466
      }
     ]
    },
    "description": "and",
    "score": 0.99,
    "line": 32,
    "__imgscaled": true,
    "x": 421,
    "y": 2436,
    "height": 30,
    "tag": ""
   },
   {
    "boundingPoly": {
     "vertices": [
      {
       "x": 481,
       "y": 2435
      },
      {
       "x": 542,
       "y": 2435
      },
      {
       "x": 542,
       "y": 2467
      },
      {
       "x": 481,
       "y": 2467
      }
     ]
    },
    "description": "that",
    "score": 0.99,
    "line": 32,
    "__imgscaled": true,
    "x": 481,
    "y": 2435,
    "height": 32,
    "tag": ""
   },
   {
    "boundingPoly": {
     "vertices": [
      {
       "x": 545,
       "y": 2435
      },
      {
       "x": 583,
       "y": 2435
      },
      {
       "x": 583,
       "y": 2467
      },
      {
       "x": 545,
       "y": 2467
      }
     ]
    },
    "description": "all",
    "score": 0.99,
    "line": 32,
    "__imgscaled": true,
    "x": 545,
    "y": 2435,
    "height": 32,
    "tag": ""
   },
   {
    "boundingPoly": {
     "vertices": [
      {
       "x": 587,
       "y": 2433
      },
      {
       "x": 747,
       "y": 2433
      },
      {
       "x": 747,
       "y": 2474
      },
      {
       "x": 587,
       "y": 2474
      }
     ]
    },
    "description": "particulars.",
    "score": 0.6,
    "line": 32,
    "__imgscaled": true,
    "x": 587,
    "y": 2433,
    "height": 41,
    "tag": ""
   },
   {
    "boundingPoly": {
     "vertices": [
      {
       "x": 744,
       "y": 2438
      },
      {
       "x": 795,
       "y": 2438
      },
      {
       "x": 795,
       "y": 2462
      },
      {
       "x": 744,
       "y": 2462
      }
     ]
    },
    "description": "are",
    "score": 0.99,
    "line": 32,
    "__imgscaled": true,
    "x": 744,
    "y": 2438,
    "height": 24,
    "tag": ""
   },
   {
    "boundingPoly": {
     "vertices": [
      {
       "x": 798,
       "y": 2434
      },
      {
       "x": 861,
       "y": 2434
      },
      {
       "x": 861,
       "y": 2462
      },
      {
       "x": 798,
       "y": 2462
      }
     ]
    },
    "description": "true",
    "score": 0.98,
    "line": 32,
    "__imgscaled": true,
    "x": 798,
    "y": 2434,
    "height": 28,
    "tag": ""
   },
   {
    "boundingPoly": {
     "vertices": [
      {
       "x": 862,
       "y": 2432
      },
      {
       "x": 920,
       "y": 2432
      },
      {
       "x": 920,
       "y": 2461
      },
      {
       "x": 862,
       "y": 2461
      }
     ]
    },
    "description": "and",
    "score": 0.99,
    "line": 32,
    "__imgscaled": true,
    "x": 862,
    "y": 2432,
    "height": 29,
    "tag": ""
   }
  ],
  [
   {
    "boundingPoly": {
     "vertices": [
      {
       "x": 176,
       "y": 2474
      },
      {
       "x": 286,
       "y": 2474
      },
      {
       "x": 286,
       "y": 2504
      },
      {
       "x": 176,
       "y": 2504
      }
     ]
    },
    "description": "correct.",
    "score": 0.99,
    "line": 33,
    "__imgscaled": true,
    "x": 176,
    "y": 2474,
    "height": 30,
    "tag": ""
   }
  ],
  [
   {
    "boundingPoly": {
     "vertices": [
      {
       "x": 1097,
       "y": 2536
      },
      {
       "x": 1189,
       "y": 2536
      },
      {
       "x": 1189,
       "y": 2567
      },
      {
       "x": 1097,
       "y": 2567
      }
     ]
    },
    "description": "erated",
    "score": 0.97,
    "line": 34,
    "__imgscaled": true,
    "x": 1097,
    "y": 2536,
    "height": 31,
    "tag": ""
   },
   {
    "boundingPoly": {
     "vertices": [
      {
       "x": 1193,
       "y": 2535
      },
      {
       "x": 1299,
       "y": 2535
      },
      {
       "x": 1299,
       "y": 2567
      },
      {
       "x": 1193,
       "y": 2567
      }
     ]
    },
    "description": "Invoice",
    "score": 0.99,
    "line": 34,
    "__imgscaled": true,
    "x": 1193,
    "y": 2535,
    "height": 32,
    "tag": ""
   }
  ],
  [
   {
    "boundingPoly": {
     "vertices": [
      {
       "x": 1089,
       "y": 2664
      },
      {
       "x": 1307,
       "y": 2664
      },
      {
       "x": 1307,
       "y": 2768
      },
      {
       "x": 1089,
       "y": 2768
      }
     ]
    },
    "description": "Eimnieno.",
    "score": 0,
    "line": 35,
    "__imgscaled": true,
    "x": 1089,
    "y": 2664,
    "height": 104,
    "tag": ""
   }
  ]
 ],
 "manual_edit": {
  "fields": [

  ]
 },
 "schema": [
  "date",
  "tax",
  "total",
  "invoice-no",
  "description",
  "unit-price",
  "net-amount",
  "name",
  "quantity",
  "line-amount"
 ],
 "subset": "VALIDATE"
}