{
 "fields": {
  "date": "2017-12-21",
  "tax": "9",
  "total": "1743.27",
  "invoice-no": "BLR\/GST\/6851",
  "net-amount": "2057.05",
  "name": "HPI382675",
  "items": [
   {
    "description": "HP 951XL Magenta Ink Crtdg.",
    "unit-price": "1743.27",
    "quantity": "1",
    "line-amount": "1743.27"
   }
  ],
  "language": ""
 },
 "fname": "training_dataset_qwerty-labelledset-demoset-5111930669-in97-2018-blrgst6851.tiff.jpg",
 "lines": [
  "Tax Invoice (ORIGINAL FOR RECIPIENT)",
  "Tax Invoice Cum Delivery Note",
  "Invoice No. e-Sugam No. Dated",
  "BLR\/GST\/6851 21-Dec-2017",
  "Delivery Note Mode\/Terms of Payment",
  "Supplier's Ref. Other Reference(s)",
  "Buyer's Order No. Dated",
  "HPI382675 21-Dec-2017",
  "Despatch Document No. Delivery Note Date",
  "Despatched through Destination",
  "Terms of Delivery",
  "Buyer (if other than consignee)",
  "ACC9862F1ZE",
  "SI Description of Goods HSN\/SAC Part No. Quantity Rate per Disc. % Amount",
  "No.",
  "1 HP 951XL Magenta Ink Crtdg. 8443 CN047AA 1 Nos 1,743.27 Nos 1,743.27",
  "20272284\/CN4CPCV195",
  "OUTPUT CGST @ 9% 9 % 156.89",
  "OUTPUT SGST @ 9% 9 % 156.89",
  "Total 1 Nos V 2,057.05",
  "Amount Chargeable (in words) E. & O.E",
  "INR Two Thousand Fifty Seven and Five paise Only",
  "HSN\/SAC Taxable Central Tax State Tax Total",
  "Value Rate Amount Rate Amount Tax Amount",
  "8443 1.743.27 9% 156.89 9% 156.89 313.78",
  "Total 1,743.27 156.89 156.89 313.78",
  "Tax Amount (in words) : INR Three Hundred Thirteen and Seventy Eight paise Ont",
  "Received for Scarning",
  "Company's PAN : ABCFA7129H",
  "Declaration for Al",
  "We declare that this invoice shows the actual price of the",
  "goods described and that all particulars are true and",
  "correct.",
  "ry",
  "is a Computer Generated Invoice"
 ],
 "line_tags": [
  "",
  "",
  "",
  "invoice-no",
  "",
  "",
  "",
  "name",
  "",
  "",
  "",
  "",
  "",
  "",
  "",
  "line-amount",
  "",
  "",
  "",
  "net-amount",
  "",
  "",
  "",
  "",
  "tax",
  "total",
  "",
  "",
  "",
  "",
  "",
  "",
  "",
  "",
  ""
 ],
 "words": [
  [
   {
    "boundingPoly": {
     "vertices": [
      {
       "x": 1070,
       "y": 47
      },
      {
       "x": 1146,
       "y": 47
      },
      {
       "x": 1146,
       "y": 86
      },
      {
       "x": 1070,
       "y": 86
      }
     ]
    },
    "description": "Tax",
    "score": 0.99,
    "line": 0,
    "__imgscaled": true,
    "x": 1070,
    "y": 47,
    "height": 39,
    "tag": ""
   },
   {
    "boundingPoly": {
     "vertices": [
      {
       "x": 1151,
       "y": 47
      },
      {
       "x": 1294,
       "y": 47
      },
      {
       "x": 1294,
       "y": 87
      },
      {
       "x": 1151,
       "y": 87
      }
     ]
    },
    "description": "Invoice",
    "score": 0.99,
    "line": 0,
    "__imgscaled": true,
    "x": 1151,
    "y": 47,
    "height": 40,
    "tag": ""
   },
   {
    "boundingPoly": {
     "vertices": [
      {
       "x": 1593,
       "y": 45
      },
      {
       "x": 1752,
       "y": 45
      },
      {
       "x": 1752,
       "y": 82
      },
      {
       "x": 1593,
       "y": 82
      }
     ]
    },
    "description": "(ORIGINAL",
    "score": 0.9,
    "line": 0,
    "__imgscaled": true,
    "x": 1593,
    "y": 45,
    "height": 37,
    "tag": ""
   },
   {
    "boundingPoly": {
     "vertices": [
      {
       "x": 1754,
       "y": 45
      },
      {
       "x": 1827,
       "y": 45
      },
      {
       "x": 1827,
       "y": 78
      },
      {
       "x": 1754,
       "y": 78
      }
     ]
    },
    "description": "FOR",
    "score": 0.99,
    "line": 0,
    "__imgscaled": true,
    "x": 1754,
    "y": 45,
    "height": 33,
    "tag": ""
   },
   {
    "boundingPoly": {
     "vertices": [
      {
       "x": 1829,
       "y": 44
      },
      {
       "x": 2005,
       "y": 44
      },
      {
       "x": 2005,
       "y": 83
      },
      {
       "x": 1829,
       "y": 83
      }
     ]
    },
    "description": "RECIPIENT)",
    "score": 0.99,
    "line": 0,
    "__imgscaled": true,
    "x": 1829,
    "y": 44,
    "height": 39,
    "tag": ""
   }
  ],
  [
   {
    "boundingPoly": {
     "vertices": [
      {
       "x": 970,
       "y": 94
      },
      {
       "x": 1026,
       "y": 94
      },
      {
       "x": 1026,
       "y": 123
      },
      {
       "x": 970,
       "y": 123
      }
     ]
    },
    "description": "Tax",
    "score": 0.99,
    "line": 1,
    "__imgscaled": true,
    "x": 970,
    "y": 94,
    "height": 29,
    "tag": ""
   },
   {
    "boundingPoly": {
     "vertices": [
      {
       "x": 1029,
       "y": 94
      },
      {
       "x": 1131,
       "y": 94
      },
      {
       "x": 1131,
       "y": 124
      },
      {
       "x": 1029,
       "y": 124
      }
     ]
    },
    "description": "Invoice",
    "score": 0.99,
    "line": 1,
    "__imgscaled": true,
    "x": 1029,
    "y": 94,
    "height": 30,
    "tag": ""
   },
   {
    "boundingPoly": {
     "vertices": [
      {
       "x": 1134,
       "y": 93
      },
      {
       "x": 1204,
       "y": 93
      },
      {
       "x": 1204,
       "y": 125
      },
      {
       "x": 1134,
       "y": 125
      }
     ]
    },
    "description": "Cum",
    "score": 0.99,
    "line": 1,
    "__imgscaled": true,
    "x": 1134,
    "y": 93,
    "height": 32,
    "tag": ""
   },
   {
    "boundingPoly": {
     "vertices": [
      {
       "x": 1209,
       "y": 94
      },
      {
       "x": 1322,
       "y": 94
      },
      {
       "x": 1322,
       "y": 131
      },
      {
       "x": 1209,
       "y": 131
      }
     ]
    },
    "description": "Delivery",
    "score": 0.99,
    "line": 1,
    "__imgscaled": true,
    "x": 1209,
    "y": 94,
    "height": 37,
    "tag": ""
   },
   {
    "boundingPoly": {
     "vertices": [
      {
       "x": 1326,
       "y": 94
      },
      {
       "x": 1395,
       "y": 94
      },
      {
       "x": 1395,
       "y": 125
      },
      {
       "x": 1326,
       "y": 125
      }
     ]
    },
    "description": "Note",
    "score": 0.99,
    "line": 1,
    "__imgscaled": true,
    "x": 1326,
    "y": 94,
    "height": 31,
    "tag": ""
   }
  ],
  [
   {
    "boundingPoly": {
     "vertices": [
      {
       "x": 1204,
       "y": 169
      },
      {
       "x": 1305,
       "y": 169
      },
      {
       "x": 1305,
       "y": 197
      },
      {
       "x": 1204,
       "y": 197
      }
     ]
    },
    "description": "Invoice",
    "score": 0.99,
    "line": 2,
    "__imgscaled": true,
    "x": 1204,
    "y": 169,
    "height": 28,
    "tag": ""
   },
   {
    "boundingPoly": {
     "vertices": [
      {
       "x": 1307,
       "y": 167
      },
      {
       "x": 1356,
       "y": 167
      },
      {
       "x": 1356,
       "y": 197
      },
      {
       "x": 1307,
       "y": 197
      }
     ]
    },
    "description": "No.",
    "score": 0.99,
    "line": 2,
    "__imgscaled": true,
    "x": 1307,
    "y": 167,
    "height": 30,
    "tag": ""
   },
   {
    "boundingPoly": {
     "vertices": [
      {
       "x": 1425,
       "y": 168
      },
      {
       "x": 1549,
       "y": 168
      },
      {
       "x": 1549,
       "y": 209
      },
      {
       "x": 1425,
       "y": 209
      }
     ]
    },
    "description": "e-Sugam",
    "score": 0.99,
    "line": 2,
    "__imgscaled": true,
    "x": 1425,
    "y": 168,
    "height": 41,
    "tag": ""
   },
   {
    "boundingPoly": {
     "vertices": [
      {
       "x": 1552,
       "y": 171
      },
      {
       "x": 1601,
       "y": 171
      },
      {
       "x": 1601,
       "y": 202
      },
      {
       "x": 1552,
       "y": 202
      }
     ]
    },
    "description": "No.",
    "score": 0.99,
    "line": 2,
    "__imgscaled": true,
    "x": 1552,
    "y": 171,
    "height": 31,
    "tag": ""
   },
   {
    "boundingPoly": {
     "vertices": [
      {
       "x": 1615,
       "y": 169
      },
      {
       "x": 1701,
       "y": 169
      },
      {
       "x": 1701,
       "y": 200
      },
      {
       "x": 1615,
       "y": 200
      }
     ]
    },
    "description": "Dated",
    "score": 0.99,
    "line": 2,
    "__imgscaled": true,
    "x": 1615,
    "y": 169,
    "height": 31,
    "tag": ""
   }
  ],
  [
   {
    "boundingPoly": {
     "vertices": [
      {
       "x": 1203,
       "y": 217
      },
      {
       "x": 1389,
       "y": 217
      },
      {
       "x": 1389,
       "y": 248
      },
      {
       "x": 1203,
       "y": 248
      }
     ]
    },
    "description": "BLR\/GST\/6851",
    "score": 0.98,
    "line": 3,
    "__imgscaled": true,
    "x": 1203,
    "y": 217,
    "height": 31,
    "tag": "invoice-no"
   },
   {
    "boundingPoly": {
     "vertices": [
      {
       "x": 1614,
       "y": 216
      },
      {
       "x": 1815,
       "y": 216
      },
      {
       "x": 1815,
       "y": 252
      },
      {
       "x": 1614,
       "y": 252
      }
     ]
    },
    "description": "21-Dec-2017",
    "score": 0.99,
    "line": 3,
    "__imgscaled": true,
    "x": 1614,
    "y": 216,
    "height": 36,
    "tag": "date"
   }
  ],
  [
   {
    "boundingPoly": {
     "vertices": [
      {
       "x": 1205,
       "y": 255
      },
      {
       "x": 1318,
       "y": 255
      },
      {
       "x": 1318,
       "y": 292
      },
      {
       "x": 1205,
       "y": 292
      }
     ]
    },
    "description": "Delivery",
    "score": 0.99,
    "line": 4,
    "__imgscaled": true,
    "x": 1205,
    "y": 255,
    "height": 37,
    "tag": ""
   },
   {
    "boundingPoly": {
     "vertices": [
      {
       "x": 1321,
       "y": 255
      },
      {
       "x": 1390,
       "y": 255
      },
      {
       "x": 1390,
       "y": 286
      },
      {
       "x": 1321,
       "y": 286
      }
     ]
    },
    "description": "Note",
    "score": 0.99,
    "line": 4,
    "__imgscaled": true,
    "x": 1321,
    "y": 255,
    "height": 31,
    "tag": ""
   },
   {
    "boundingPoly": {
     "vertices": [
      {
       "x": 1616,
       "y": 256
      },
      {
       "x": 1793,
       "y": 256
      },
      {
       "x": 1793,
       "y": 287
      },
      {
       "x": 1616,
       "y": 287
      }
     ]
    },
    "description": "Mode\/Terms",
    "score": 0.99,
    "line": 4,
    "__imgscaled": true,
    "x": 1616,
    "y": 256,
    "height": 31,
    "tag": ""
   },
   {
    "boundingPoly": {
     "vertices": [
      {
       "x": 1794,
       "y": 255
      },
      {
       "x": 1827,
       "y": 255
      },
      {
       "x": 1827,
       "y": 287
      },
      {
       "x": 1794,
       "y": 287
      }
     ]
    },
    "description": "of",
    "score": 0.99,
    "line": 4,
    "__imgscaled": true,
    "x": 1794,
    "y": 255,
    "height": 32,
    "tag": ""
   },
   {
    "boundingPoly": {
     "vertices": [
      {
       "x": 1830,
       "y": 256
      },
      {
       "x": 1954,
       "y": 256
      },
      {
       "x": 1954,
       "y": 292
      },
      {
       "x": 1830,
       "y": 292
      }
     ]
    },
    "description": "Payment",
    "score": 0.99,
    "line": 4,
    "__imgscaled": true,
    "x": 1830,
    "y": 256,
    "height": 36,
    "tag": ""
   }
  ],
  [
   {
    "boundingPoly": {
     "vertices": [
      {
       "x": 1203,
       "y": 344
      },
      {
       "x": 1340,
       "y": 344
      },
      {
       "x": 1340,
       "y": 381
      },
      {
       "x": 1203,
       "y": 381
      }
     ]
    },
    "description": "Supplier's",
    "score": 0.99,
    "line": 5,
    "__imgscaled": true,
    "x": 1203,
    "y": 344,
    "height": 37,
    "tag": ""
   },
   {
    "boundingPoly": {
     "vertices": [
      {
       "x": 1344,
       "y": 342
      },
      {
       "x": 1405,
       "y": 342
      },
      {
       "x": 1405,
       "y": 374
      },
      {
       "x": 1344,
       "y": 374
      }
     ]
    },
    "description": "Ref.",
    "score": 0.99,
    "line": 5,
    "__imgscaled": true,
    "x": 1344,
    "y": 342,
    "height": 32,
    "tag": ""
   },
   {
    "boundingPoly": {
     "vertices": [
      {
       "x": 1615,
       "y": 344
      },
      {
       "x": 1699,
       "y": 344
      },
      {
       "x": 1699,
       "y": 376
      },
      {
       "x": 1615,
       "y": 376
      }
     ]
    },
    "description": "Other",
    "score": 0.99,
    "line": 5,
    "__imgscaled": true,
    "x": 1615,
    "y": 344,
    "height": 32,
    "tag": ""
   },
   {
    "boundingPoly": {
     "vertices": [
      {
       "x": 1700,
       "y": 343
      },
      {
       "x": 1881,
       "y": 343
      },
      {
       "x": 1881,
       "y": 382
      },
      {
       "x": 1700,
       "y": 382
      }
     ]
    },
    "description": "Reference(s)",
    "score": 0.99,
    "line": 5,
    "__imgscaled": true,
    "x": 1700,
    "y": 343,
    "height": 39,
    "tag": ""
   }
  ],
  [
   {
    "boundingPoly": {
     "vertices": [
      {
       "x": 1203,
       "y": 430
      },
      {
       "x": 1308,
       "y": 430
      },
      {
       "x": 1308,
       "y": 468
      },
      {
       "x": 1203,
       "y": 468
      }
     ]
    },
    "description": "Buyer's",
    "score": 0.99,
    "line": 6,
    "__imgscaled": true,
    "x": 1203,
    "y": 430,
    "height": 38,
    "tag": ""
   },
   {
    "boundingPoly": {
     "vertices": [
      {
       "x": 1311,
       "y": 431
      },
      {
       "x": 1395,
       "y": 431
      },
      {
       "x": 1395,
       "y": 463
      },
      {
       "x": 1311,
       "y": 463
      }
     ]
    },
    "description": "Order",
    "score": 0.99,
    "line": 6,
    "__imgscaled": true,
    "x": 1311,
    "y": 431,
    "height": 32,
    "tag": ""
   },
   {
    "boundingPoly": {
     "vertices": [
      {
       "x": 1398,
       "y": 431
      },
      {
       "x": 1450,
       "y": 431
      },
      {
       "x": 1450,
       "y": 464
      },
      {
       "x": 1398,
       "y": 464
      }
     ]
    },
    "description": "No.",
    "score": 0.99,
    "line": 6,
    "__imgscaled": true,
    "x": 1398,
    "y": 431,
    "height": 33,
    "tag": ""
   },
   {
    "boundingPoly": {
     "vertices": [
      {
       "x": 1615,
       "y": 432
      },
      {
       "x": 1702,
       "y": 432
      },
      {
       "x": 1702,
       "y": 465
      },
      {
       "x": 1615,
       "y": 465
      }
     ]
    },
    "description": "Dated",
    "score": 0.99,
    "line": 6,
    "__imgscaled": true,
    "x": 1615,
    "y": 432,
    "height": 33,
    "tag": ""
   }
  ],
  [
   {
    "boundingPoly": {
     "vertices": [
      {
       "x": 1203,
       "y": 479
      },
      {
       "x": 1375,
       "y": 479
      },
      {
       "x": 1375,
       "y": 513
      },
      {
       "x": 1203,
       "y": 513
      }
     ]
    },
    "description": "HPI382675",
    "score": 0.91,
    "line": 7,
    "__imgscaled": true,
    "x": 1203,
    "y": 479,
    "height": 34,
    "tag": "name"
   },
   {
    "boundingPoly": {
     "vertices": [
      {
       "x": 1616,
       "y": 480
      },
      {
       "x": 1818,
       "y": 480
      },
      {
       "x": 1818,
       "y": 515
      },
      {
       "x": 1616,
       "y": 515
      }
     ]
    },
    "description": "21-Dec-2017",
    "score": 0.99,
    "line": 7,
    "__imgscaled": true,
    "x": 1616,
    "y": 480,
    "height": 35,
    "tag": ""
   }
  ],
  [
   {
    "boundingPoly": {
     "vertices": [
      {
       "x": 1203,
       "y": 520
      },
      {
       "x": 1338,
       "y": 520
      },
      {
       "x": 1338,
       "y": 555
      },
      {
       "x": 1203,
       "y": 555
      }
     ]
    },
    "description": "Despatch",
    "score": 0.99,
    "line": 8,
    "__imgscaled": true,
    "x": 1203,
    "y": 520,
    "height": 35,
    "tag": ""
   },
   {
    "boundingPoly": {
     "vertices": [
      {
       "x": 1343,
       "y": 520
      },
      {
       "x": 1487,
       "y": 520
      },
      {
       "x": 1487,
       "y": 552
      },
      {
       "x": 1343,
       "y": 552
      }
     ]
    },
    "description": "Document",
    "score": 0.99,
    "line": 8,
    "__imgscaled": true,
    "x": 1343,
    "y": 520,
    "height": 32,
    "tag": ""
   },
   {
    "boundingPoly": {
     "vertices": [
      {
       "x": 1489,
       "y": 521
      },
      {
       "x": 1539,
       "y": 521
      },
      {
       "x": 1539,
       "y": 552
      },
      {
       "x": 1489,
       "y": 552
      }
     ]
    },
    "description": "No.",
    "score": 0.99,
    "line": 8,
    "__imgscaled": true,
    "x": 1489,
    "y": 521,
    "height": 31,
    "tag": ""
   },
   {
    "boundingPoly": {
     "vertices": [
      {
       "x": 1616,
       "y": 520
      },
      {
       "x": 1732,
       "y": 520
      },
      {
       "x": 1732,
       "y": 559
      },
      {
       "x": 1616,
       "y": 559
      }
     ]
    },
    "description": "Delivery",
    "score": 0.99,
    "line": 8,
    "__imgscaled": true,
    "x": 1616,
    "y": 520,
    "height": 39,
    "tag": ""
   },
   {
    "boundingPoly": {
     "vertices": [
      {
       "x": 1735,
       "y": 522
      },
      {
       "x": 1805,
       "y": 522
      },
      {
       "x": 1805,
       "y": 554
      },
      {
       "x": 1735,
       "y": 554
      }
     ]
    },
    "description": "Note",
    "score": 0.99,
    "line": 8,
    "__imgscaled": true,
    "x": 1735,
    "y": 522,
    "height": 32,
    "tag": ""
   },
   {
    "boundingPoly": {
     "vertices": [
      {
       "x": 1807,
       "y": 521
      },
      {
       "x": 1876,
       "y": 521
      },
      {
       "x": 1876,
       "y": 554
      },
      {
       "x": 1807,
       "y": 554
      }
     ]
    },
    "description": "Date",
    "score": 0.99,
    "line": 8,
    "__imgscaled": true,
    "x": 1807,
    "y": 521,
    "height": 33,
    "tag": ""
   }
  ],
  [
   {
    "boundingPoly": {
     "vertices": [
      {
       "x": 1204,
       "y": 610
      },
      {
       "x": 1371,
       "y": 610
      },
      {
       "x": 1371,
       "y": 643
      },
      {
       "x": 1204,
       "y": 643
      }
     ]
    },
    "description": "Despatched",
    "score": 0.99,
    "line": 9,
    "__imgscaled": true,
    "x": 1204,
    "y": 610,
    "height": 33,
    "tag": ""
   },
   {
    "boundingPoly": {
     "vertices": [
      {
       "x": 1374,
       "y": 609
      },
      {
       "x": 1484,
       "y": 609
      },
      {
       "x": 1484,
       "y": 645
      },
      {
       "x": 1374,
       "y": 645
      }
     ]
    },
    "description": "through",
    "score": 0.99,
    "line": 9,
    "__imgscaled": true,
    "x": 1374,
    "y": 609,
    "height": 36,
    "tag": ""
   },
   {
    "boundingPoly": {
     "vertices": [
      {
       "x": 1618,
       "y": 611
      },
      {
       "x": 1775,
       "y": 611
      },
      {
       "x": 1775,
       "y": 641
      },
      {
       "x": 1618,
       "y": 641
      }
     ]
    },
    "description": "Destination",
    "score": 0.99,
    "line": 9,
    "__imgscaled": true,
    "x": 1618,
    "y": 611,
    "height": 30,
    "tag": ""
   }
  ],
  [
   {
    "boundingPoly": {
     "vertices": [
      {
       "x": 1202,
       "y": 697
      },
      {
       "x": 1294,
       "y": 697
      },
      {
       "x": 1294,
       "y": 729
      },
      {
       "x": 1202,
       "y": 729
      }
     ]
    },
    "description": "Terms",
    "score": 0.99,
    "line": 10,
    "__imgscaled": true,
    "x": 1202,
    "y": 697,
    "height": 32,
    "tag": ""
   },
   {
    "boundingPoly": {
     "vertices": [
      {
       "x": 1296,
       "y": 696
      },
      {
       "x": 1332,
       "y": 696
      },
      {
       "x": 1332,
       "y": 728
      },
      {
       "x": 1296,
       "y": 728
      }
     ]
    },
    "description": "of",
    "score": 0.99,
    "line": 10,
    "__imgscaled": true,
    "x": 1296,
    "y": 696,
    "height": 32,
    "tag": ""
   },
   {
    "boundingPoly": {
     "vertices": [
      {
       "x": 1333,
       "y": 698
      },
      {
       "x": 1447,
       "y": 698
      },
      {
       "x": 1447,
       "y": 735
      },
      {
       "x": 1333,
       "y": 735
      }
     ]
    },
    "description": "Delivery",
    "score": 0.99,
    "line": 10,
    "__imgscaled": true,
    "x": 1333,
    "y": 698,
    "height": 37,
    "tag": ""
   }
  ],
  [
   {
    "boundingPoly": {
     "vertices": [
      {
       "x": 369,
       "y": 808
      },
      {
       "x": 453,
       "y": 808
      },
      {
       "x": 453,
       "y": 845
      },
      {
       "x": 369,
       "y": 845
      }
     ]
    },
    "description": "Buyer",
    "score": 0.99,
    "line": 11,
    "__imgscaled": true,
    "x": 369,
    "y": 808,
    "height": 37,
    "tag": ""
   },
   {
    "boundingPoly": {
     "vertices": [
      {
       "x": 456,
       "y": 808
      },
      {
       "x": 489,
       "y": 808
      },
      {
       "x": 489,
       "y": 845
      },
      {
       "x": 456,
       "y": 845
      }
     ]
    },
    "description": "(if",
    "score": 0.99,
    "line": 11,
    "__imgscaled": true,
    "x": 456,
    "y": 808,
    "height": 37,
    "tag": ""
   },
   {
    "boundingPoly": {
     "vertices": [
      {
       "x": 489,
       "y": 810
      },
      {
       "x": 566,
       "y": 810
      },
      {
       "x": 566,
       "y": 841
      },
      {
       "x": 489,
       "y": 841
      }
     ]
    },
    "description": "other",
    "score": 0.99,
    "line": 11,
    "__imgscaled": true,
    "x": 489,
    "y": 810,
    "height": 31,
    "tag": ""
   },
   {
    "boundingPoly": {
     "vertices": [
      {
       "x": 567,
       "y": 810
      },
      {
       "x": 632,
       "y": 810
      },
      {
       "x": 632,
       "y": 841
      },
      {
       "x": 567,
       "y": 841
      }
     ]
    },
    "description": "than",
    "score": 0.99,
    "line": 11,
    "__imgscaled": true,
    "x": 567,
    "y": 810,
    "height": 31,
    "tag": ""
   },
   {
    "boundingPoly": {
     "vertices": [
      {
       "x": 636,
       "y": 811
      },
      {
       "x": 792,
       "y": 811
      },
      {
       "x": 792,
       "y": 845
      },
      {
       "x": 636,
       "y": 845
      }
     ]
    },
    "description": "consignee)",
    "score": 0.99,
    "line": 11,
    "__imgscaled": true,
    "x": 636,
    "y": 811,
    "height": 34,
    "tag": ""
   }
  ],
  [
   {
    "boundingPoly": {
     "vertices": [
      {
       "x": 748,
       "y": 1052
      },
      {
       "x": 984,
       "y": 1052
      },
      {
       "x": 984,
       "y": 1090
      },
      {
       "x": 748,
       "y": 1090
      }
     ]
    },
    "description": "ACC9862F1ZE",
    "score": 0.99,
    "line": 12,
    "__imgscaled": true,
    "x": 748,
    "y": 1052,
    "height": 38,
    "tag": ""
   }
  ],
  [
   {
    "boundingPoly": {
     "vertices": [
      {
       "x": 367,
       "y": 1178
      },
      {
       "x": 401,
       "y": 1178
      },
      {
       "x": 401,
       "y": 1214
      },
      {
       "x": 367,
       "y": 1214
      }
     ]
    },
    "description": "SI",
    "score": 0.99,
    "line": 13,
    "__imgscaled": true,
    "x": 367,
    "y": 1178,
    "height": 36,
    "tag": ""
   },
   {
    "boundingPoly": {
     "vertices": [
      {
       "x": 503,
       "y": 1179
      },
      {
       "x": 661,
       "y": 1179
      },
      {
       "x": 661,
       "y": 1217
      },
      {
       "x": 503,
       "y": 1217
      }
     ]
    },
    "description": "Description",
    "score": 0.99,
    "line": 13,
    "__imgscaled": true,
    "x": 503,
    "y": 1179,
    "height": 38,
    "tag": ""
   },
   {
    "boundingPoly": {
     "vertices": [
      {
       "x": 663,
       "y": 1181
      },
      {
       "x": 696,
       "y": 1181
      },
      {
       "x": 696,
       "y": 1212
      },
      {
       "x": 663,
       "y": 1212
      }
     ]
    },
    "description": "of",
    "score": 0.99,
    "line": 13,
    "__imgscaled": true,
    "x": 663,
    "y": 1181,
    "height": 31,
    "tag": ""
   },
   {
    "boundingPoly": {
     "vertices": [
      {
       "x": 697,
       "y": 1180
      },
      {
       "x": 793,
       "y": 1180
      },
      {
       "x": 793,
       "y": 1212
      },
      {
       "x": 697,
       "y": 1212
      }
     ]
    },
    "description": "Goods",
    "score": 0.99,
    "line": 13,
    "__imgscaled": true,
    "x": 697,
    "y": 1180,
    "height": 32,
    "tag": ""
   },
   {
    "boundingPoly": {
     "vertices": [
      {
       "x": 920,
       "y": 1180
      },
      {
       "x": 1062,
       "y": 1180
      },
      {
       "x": 1062,
       "y": 1214
      },
      {
       "x": 920,
       "y": 1214
      }
     ]
    },
    "description": "HSN\/SAC",
    "score": 0.99,
    "line": 13,
    "__imgscaled": true,
    "x": 920,
    "y": 1180,
    "height": 34,
    "tag": ""
   },
   {
    "boundingPoly": {
     "vertices": [
      {
       "x": 1103,
       "y": 1182
      },
      {
       "x": 1166,
       "y": 1182
      },
      {
       "x": 1166,
       "y": 1216
      },
      {
       "x": 1103,
       "y": 1216
      }
     ]
    },
    "description": "Part",
    "score": 0.99,
    "line": 13,
    "__imgscaled": true,
    "x": 1103,
    "y": 1182,
    "height": 34,
    "tag": ""
   },
   {
    "boundingPoly": {
     "vertices": [
      {
       "x": 1168,
       "y": 1183
      },
      {
       "x": 1218,
       "y": 1183
      },
      {
       "x": 1218,
       "y": 1215
      },
      {
       "x": 1168,
       "y": 1215
      }
     ]
    },
    "description": "No.",
    "score": 0.99,
    "line": 13,
    "__imgscaled": true,
    "x": 1168,
    "y": 1183,
    "height": 32,
    "tag": ""
   },
   {
    "boundingPoly": {
     "vertices": [
      {
       "x": 1273,
       "y": 1183
      },
      {
       "x": 1391,
       "y": 1183
      },
      {
       "x": 1391,
       "y": 1223
      },
      {
       "x": 1273,
       "y": 1223
      }
     ]
    },
    "description": "Quantity",
    "score": 0.99,
    "line": 13,
    "__imgscaled": true,
    "x": 1273,
    "y": 1183,
    "height": 40,
    "tag": ""
   },
   {
    "boundingPoly": {
     "vertices": [
      {
       "x": 1468,
       "y": 1185
      },
      {
       "x": 1538,
       "y": 1185
      },
      {
       "x": 1538,
       "y": 1218
      },
      {
       "x": 1468,
       "y": 1218
      }
     ]
    },
    "description": "Rate",
    "score": 0.99,
    "line": 13,
    "__imgscaled": true,
    "x": 1468,
    "y": 1185,
    "height": 33,
    "tag": ""
   },
   {
    "boundingPoly": {
     "vertices": [
      {
       "x": 1600,
       "y": 1191
      },
      {
       "x": 1653,
       "y": 1191
      },
      {
       "x": 1653,
       "y": 1222
      },
      {
       "x": 1600,
       "y": 1222
      }
     ]
    },
    "description": "per",
    "score": 0.99,
    "line": 13,
    "__imgscaled": true,
    "x": 1600,
    "y": 1191,
    "height": 31,
    "tag": ""
   },
   {
    "boundingPoly": {
     "vertices": [
      {
       "x": 1668,
       "y": 1184
      },
      {
       "x": 1734,
       "y": 1184
      },
      {
       "x": 1734,
       "y": 1219
      },
      {
       "x": 1668,
       "y": 1219
      }
     ]
    },
    "description": "Disc.",
    "score": 0.99,
    "line": 13,
    "__imgscaled": true,
    "x": 1668,
    "y": 1184,
    "height": 35,
    "tag": ""
   },
   {
    "boundingPoly": {
     "vertices": [
      {
       "x": 1739,
       "y": 1186
      },
      {
       "x": 1771,
       "y": 1186
      },
      {
       "x": 1771,
       "y": 1219
      },
      {
       "x": 1739,
       "y": 1219
      }
     ]
    },
    "description": "%",
    "score": 0.99,
    "line": 13,
    "__imgscaled": true,
    "x": 1739,
    "y": 1186,
    "height": 33,
    "tag": ""
   },
   {
    "boundingPoly": {
     "vertices": [
      {
       "x": 1842,
       "y": 1188
      },
      {
       "x": 1955,
       "y": 1188
      },
      {
       "x": 1955,
       "y": 1221
      },
      {
       "x": 1842,
       "y": 1221
      }
     ]
    },
    "description": "Amount",
    "score": 0.99,
    "line": 13,
    "__imgscaled": true,
    "x": 1842,
    "y": 1188,
    "height": 33,
    "tag": ""
   }
  ],
  [
   {
    "boundingPoly": {
     "vertices": [
      {
       "x": 368,
       "y": 1220
      },
      {
       "x": 402,
       "y": 1220
      },
      {
       "x": 402,
       "y": 1254
      },
      {
       "x": 368,
       "y": 1254
      }
     ]
    },
    "description": "No.",
    "score": 0.99,
    "line": 14,
    "__imgscaled": true,
    "x": 368,
    "y": 1220,
    "height": 34,
    "tag": ""
   }
  ],
  [
   {
    "boundingPoly": {
     "vertices": [
      {
       "x": 368,
       "y": 1281
      },
      {
       "x": 387,
       "y": 1281
      },
      {
       "x": 387,
       "y": 1314
      },
      {
       "x": 368,
       "y": 1314
      }
     ]
    },
    "description": "1",
    "score": 0.75,
    "line": 15,
    "__imgscaled": true,
    "x": 368,
    "y": 1281,
    "height": 33,
    "tag": ""
   },
   {
    "boundingPoly": {
     "vertices": [
      {
       "x": 416,
       "y": 1282
      },
      {
       "x": 469,
       "y": 1282
      },
      {
       "x": 469,
       "y": 1318
      },
      {
       "x": 416,
       "y": 1318
      }
     ]
    },
    "description": "HP",
    "score": 0.99,
    "line": 15,
    "__imgscaled": true,
    "x": 416,
    "y": 1282,
    "height": 36,
    "tag": "description"
   },
   {
    "boundingPoly": {
     "vertices": [
      {
       "x": 473,
       "y": 1283
      },
      {
       "x": 573,
       "y": 1283
      },
      {
       "x": 573,
       "y": 1319
      },
      {
       "x": 473,
       "y": 1319
      }
     ]
    },
    "description": "951XL",
    "score": 0.99,
    "line": 15,
    "__imgscaled": true,
    "x": 473,
    "y": 1283,
    "height": 36,
    "tag": "description"
   },
   {
    "boundingPoly": {
     "vertices": [
      {
       "x": 580,
       "y": 1283
      },
      {
       "x": 723,
       "y": 1283
      },
      {
       "x": 723,
       "y": 1325
      },
      {
       "x": 580,
       "y": 1325
      }
     ]
    },
    "description": "Magenta",
    "score": 0.99,
    "line": 15,
    "__imgscaled": true,
    "x": 580,
    "y": 1283,
    "height": 42,
    "tag": "description"
   },
   {
    "boundingPoly": {
     "vertices": [
      {
       "x": 728,
       "y": 1284
      },
      {
       "x": 781,
       "y": 1284
      },
      {
       "x": 781,
       "y": 1319
      },
      {
       "x": 728,
       "y": 1319
      }
     ]
    },
    "description": "Ink",
    "score": 0.99,
    "line": 15,
    "__imgscaled": true,
    "x": 728,
    "y": 1284,
    "height": 35,
    "tag": "description"
   },
   {
    "boundingPoly": {
     "vertices": [
      {
       "x": 786,
       "y": 1284
      },
      {
       "x": 888,
       "y": 1284
      },
      {
       "x": 888,
       "y": 1326
      },
      {
       "x": 786,
       "y": 1326
      }
     ]
    },
    "description": "Crtdg.",
    "score": 0.99,
    "line": 15,
    "__imgscaled": true,
    "x": 786,
    "y": 1284,
    "height": 42,
    "tag": "description"
   },
   {
    "boundingPoly": {
     "vertices": [
      {
       "x": 910,
       "y": 1282
      },
      {
       "x": 985,
       "y": 1282
      },
      {
       "x": 985,
       "y": 1316
      },
      {
       "x": 910,
       "y": 1316
      }
     ]
    },
    "description": "8443",
    "score": 0.99,
    "line": 15,
    "__imgscaled": true,
    "x": 910,
    "y": 1282,
    "height": 34,
    "tag": ""
   },
   {
    "boundingPoly": {
     "vertices": [
      {
       "x": 1099,
       "y": 1284
      },
      {
       "x": 1239,
       "y": 1284
      },
      {
       "x": 1239,
       "y": 1317
      },
      {
       "x": 1099,
       "y": 1317
      }
     ]
    },
    "description": "CN047AA",
    "score": 0.95,
    "line": 15,
    "__imgscaled": true,
    "x": 1099,
    "y": 1284,
    "height": 33,
    "tag": ""
   },
   {
    "boundingPoly": {
     "vertices": [
      {
       "x": 1314,
       "y": 1287
      },
      {
       "x": 1335,
       "y": 1287
      },
      {
       "x": 1335,
       "y": 1322
      },
      {
       "x": 1314,
       "y": 1322
      }
     ]
    },
    "description": "1",
    "score": 0.99,
    "line": 15,
    "__imgscaled": true,
    "x": 1314,
    "y": 1287,
    "height": 35,
    "tag": "quantity"
   },
   {
    "boundingPoly": {
     "vertices": [
      {
       "x": 1341,
       "y": 1287
      },
      {
       "x": 1411,
       "y": 1287
      },
      {
       "x": 1411,
       "y": 1323
      },
      {
       "x": 1341,
       "y": 1323
      }
     ]
    },
    "description": "Nos",
    "score": 0.99,
    "line": 15,
    "__imgscaled": true,
    "x": 1341,
    "y": 1287,
    "height": 36,
    "tag": "quantity"
   },
   {
    "boundingPoly": {
     "vertices": [
      {
       "x": 1459,
       "y": 1287
      },
      {
       "x": 1581,
       "y": 1287
      },
      {
       "x": 1581,
       "y": 1321
      },
      {
       "x": 1459,
       "y": 1321
      }
     ]
    },
    "description": "1,743.27",
    "score": 0.99,
    "line": 15,
    "__imgscaled": true,
    "x": 1459,
    "y": 1287,
    "height": 34,
    "tag": "unit-price"
   },
   {
    "boundingPoly": {
     "vertices": [
      {
       "x": 1597,
       "y": 1287
      },
      {
       "x": 1658,
       "y": 1287
      },
      {
       "x": 1658,
       "y": 1320
      },
      {
       "x": 1597,
       "y": 1320
      }
     ]
    },
    "description": "Nos",
    "score": 0.99,
    "line": 15,
    "__imgscaled": true,
    "x": 1597,
    "y": 1287,
    "height": 33,
    "tag": ""
   },
   {
    "boundingPoly": {
     "vertices": [
      {
       "x": 1880,
       "y": 1291
      },
      {
       "x": 2013,
       "y": 1291
      },
      {
       "x": 2013,
       "y": 1331
      },
      {
       "x": 1880,
       "y": 1331
      }
     ]
    },
    "description": "1,743.27",
    "score": 0.99,
    "line": 15,
    "__imgscaled": true,
    "x": 1880,
    "y": 1291,
    "height": 40,
    "tag": "line-amount"
   }
  ],
  [
   {
    "boundingPoly": {
     "vertices": [
      {
       "x": 456,
       "y": 1323
      },
      {
       "x": 796,
       "y": 1323
      },
      {
       "x": 796,
       "y": 1358
      },
      {
       "x": 456,
       "y": 1358
      }
     ]
    },
    "description": "20272284\/CN4CPCV195",
    "score": 0.99,
    "line": 16,
    "__imgscaled": true,
    "x": 456,
    "y": 1323,
    "height": 35,
    "tag": ""
   }
  ],
  [
   {
    "boundingPoly": {
     "vertices": [
      {
       "x": 551,
       "y": 1447
      },
      {
       "x": 697,
       "y": 1447
      },
      {
       "x": 697,
       "y": 1483
      },
      {
       "x": 551,
       "y": 1483
      }
     ]
    },
    "description": "OUTPUT",
    "score": 0.99,
    "line": 17,
    "__imgscaled": true,
    "x": 551,
    "y": 1447,
    "height": 36,
    "tag": ""
   },
   {
    "boundingPoly": {
     "vertices": [
      {
       "x": 699,
       "y": 1448
      },
      {
       "x": 800,
       "y": 1448
      },
      {
       "x": 800,
       "y": 1483
      },
      {
       "x": 699,
       "y": 1483
      }
     ]
    },
    "description": "CGST",
    "score": 0.99,
    "line": 17,
    "__imgscaled": true,
    "x": 699,
    "y": 1448,
    "height": 35,
    "tag": ""
   },
   {
    "boundingPoly": {
     "vertices": [
      {
       "x": 800,
       "y": 1448
      },
      {
       "x": 842,
       "y": 1448
      },
      {
       "x": 842,
       "y": 1487
      },
      {
       "x": 800,
       "y": 1487
      }
     ]
    },
    "description": "@",
    "score": 0.99,
    "line": 17,
    "__imgscaled": true,
    "x": 800,
    "y": 1448,
    "height": 39,
    "tag": ""
   },
   {
    "boundingPoly": {
     "vertices": [
      {
       "x": 844,
       "y": 1448
      },
      {
       "x": 899,
       "y": 1448
      },
      {
       "x": 899,
       "y": 1484
      },
      {
       "x": 844,
       "y": 1484
      }
     ]
    },
    "description": "9%",
    "score": 0.99,
    "line": 17,
    "__imgscaled": true,
    "x": 844,
    "y": 1448,
    "height": 36,
    "tag": ""
   },
   {
    "boundingPoly": {
     "vertices": [
      {
       "x": 1558,
       "y": 1452
      },
      {
       "x": 1583,
       "y": 1452
      },
      {
       "x": 1583,
       "y": 1487
      },
      {
       "x": 1558,
       "y": 1487
      }
     ]
    },
    "description": "9",
    "score": 0.99,
    "line": 17,
    "__imgscaled": true,
    "x": 1558,
    "y": 1452,
    "height": 35,
    "tag": ""
   },
   {
    "boundingPoly": {
     "vertices": [
      {
       "x": 1594,
       "y": 1451
      },
      {
       "x": 1630,
       "y": 1451
      },
      {
       "x": 1630,
       "y": 1489
      },
      {
       "x": 1594,
       "y": 1489
      }
     ]
    },
    "description": "%",
    "score": 0.99,
    "line": 17,
    "__imgscaled": true,
    "x": 1594,
    "y": 1451,
    "height": 38,
    "tag": ""
   },
   {
    "boundingPoly": {
     "vertices": [
      {
       "x": 1906,
       "y": 1454
      },
      {
       "x": 2014,
       "y": 1454
      },
      {
       "x": 2014,
       "y": 1490
      },
      {
       "x": 1906,
       "y": 1490
      }
     ]
    },
    "description": "156.89",
    "score": 0.99,
    "line": 17,
    "__imgscaled": true,
    "x": 1906,
    "y": 1454,
    "height": 36,
    "tag": ""
   }
  ],
  [
   {
    "boundingPoly": {
     "vertices": [
      {
       "x": 553,
       "y": 1488
      },
      {
       "x": 699,
       "y": 1488
      },
      {
       "x": 699,
       "y": 1524
      },
      {
       "x": 553,
       "y": 1524
      }
     ]
    },
    "description": "OUTPUT",
    "score": 0.99,
    "line": 18,
    "__imgscaled": true,
    "x": 553,
    "y": 1488,
    "height": 36,
    "tag": ""
   },
   {
    "boundingPoly": {
     "vertices": [
      {
       "x": 700,
       "y": 1489
      },
      {
       "x": 800,
       "y": 1489
      },
      {
       "x": 800,
       "y": 1524
      },
      {
       "x": 700,
       "y": 1524
      }
     ]
    },
    "description": "SGST",
    "score": 0.99,
    "line": 18,
    "__imgscaled": true,
    "x": 700,
    "y": 1489,
    "height": 35,
    "tag": ""
   },
   {
    "boundingPoly": {
     "vertices": [
      {
       "x": 801,
       "y": 1489
      },
      {
       "x": 842,
       "y": 1489
      },
      {
       "x": 842,
       "y": 1530
      },
      {
       "x": 801,
       "y": 1530
      }
     ]
    },
    "description": "@",
    "score": 0.99,
    "line": 18,
    "__imgscaled": true,
    "x": 801,
    "y": 1489,
    "height": 41,
    "tag": ""
   },
   {
    "boundingPoly": {
     "vertices": [
      {
       "x": 844,
       "y": 1490
      },
      {
       "x": 899,
       "y": 1490
      },
      {
       "x": 899,
       "y": 1525
      },
      {
       "x": 844,
       "y": 1525
      }
     ]
    },
    "description": "9%",
    "score": 0.99,
    "line": 18,
    "__imgscaled": true,
    "x": 844,
    "y": 1490,
    "height": 35,
    "tag": ""
   },
   {
    "boundingPoly": {
     "vertices": [
      {
       "x": 1557,
       "y": 1494
      },
      {
       "x": 1583,
       "y": 1494
      },
      {
       "x": 1583,
       "y": 1529
      },
      {
       "x": 1557,
       "y": 1529
      }
     ]
    },
    "description": "9",
    "score": 0.99,
    "line": 18,
    "__imgscaled": true,
    "x": 1557,
    "y": 1494,
    "height": 35,
    "tag": ""
   },
   {
    "boundingPoly": {
     "vertices": [
      {
       "x": 1594,
       "y": 1493
      },
      {
       "x": 1629,
       "y": 1493
      },
      {
       "x": 1629,
       "y": 1529
      },
      {
       "x": 1594,
       "y": 1529
      }
     ]
    },
    "description": "%",
    "score": 0.99,
    "line": 18,
    "__imgscaled": true,
    "x": 1594,
    "y": 1493,
    "height": 36,
    "tag": ""
   },
   {
    "boundingPoly": {
     "vertices": [
      {
       "x": 1907,
       "y": 1497
      },
      {
       "x": 2012,
       "y": 1497
      },
      {
       "x": 2012,
       "y": 1533
      },
      {
       "x": 1907,
       "y": 1533
      }
     ]
    },
    "description": "156.89",
    "score": 0.99,
    "line": 18,
    "__imgscaled": true,
    "x": 1907,
    "y": 1497,
    "height": 36,
    "tag": ""
   }
  ],
  [
   {
    "boundingPoly": {
     "vertices": [
      {
       "x": 823,
       "y": 1684
      },
      {
       "x": 898,
       "y": 1684
      },
      {
       "x": 898,
       "y": 1716
      },
      {
       "x": 823,
       "y": 1716
      }
     ]
    },
    "description": "Total",
    "score": 0.99,
    "line": 19,
    "__imgscaled": true,
    "x": 823,
    "y": 1684,
    "height": 32,
    "tag": ""
   },
   {
    "boundingPoly": {
     "vertices": [
      {
       "x": 1314,
       "y": 1690
      },
      {
       "x": 1336,
       "y": 1690
      },
      {
       "x": 1336,
       "y": 1723
      },
      {
       "x": 1314,
       "y": 1723
      }
     ]
    },
    "description": "1",
    "score": 0.99,
    "line": 19,
    "__imgscaled": true,
    "x": 1314,
    "y": 1690,
    "height": 33,
    "tag": ""
   },
   {
    "boundingPoly": {
     "vertices": [
      {
       "x": 1341,
       "y": 1690
      },
      {
       "x": 1410,
       "y": 1690
      },
      {
       "x": 1410,
       "y": 1724
      },
      {
       "x": 1341,
       "y": 1724
      }
     ]
    },
    "description": "Nos",
    "score": 0.99,
    "line": 19,
    "__imgscaled": true,
    "x": 1341,
    "y": 1690,
    "height": 34,
    "tag": ""
   },
   {
    "boundingPoly": {
     "vertices": [
      {
       "x": 1809,
       "y": 1696
      },
      {
       "x": 1839,
       "y": 1696
      },
      {
       "x": 1839,
       "y": 1739
      },
      {
       "x": 1809,
       "y": 1739
      }
     ]
    },
    "description": "V",
    "score": 0.58,
    "line": 19,
    "__imgscaled": true,
    "x": 1809,
    "y": 1696,
    "height": 43,
    "tag": ""
   },
   {
    "boundingPoly": {
     "vertices": [
      {
       "x": 1843,
       "y": 1695
      },
      {
       "x": 2009,
       "y": 1695
      },
      {
       "x": 2009,
       "y": 1738
      },
      {
       "x": 1843,
       "y": 1738
      }
     ]
    },
    "description": "2,057.05",
    "score": 0.99,
    "line": 19,
    "__imgscaled": true,
    "x": 1843,
    "y": 1695,
    "height": 43,
    "tag": "net-amount"
   }
  ],
  [
   {
    "boundingPoly": {
     "vertices": [
      {
       "x": 366,
       "y": 1732
      },
      {
       "x": 472,
       "y": 1732
      },
      {
       "x": 472,
       "y": 1765
      },
      {
       "x": 366,
       "y": 1765
      }
     ]
    },
    "description": "Amount",
    "score": 0.99,
    "line": 20,
    "__imgscaled": true,
    "x": 366,
    "y": 1732,
    "height": 33,
    "tag": ""
   },
   {
    "boundingPoly": {
     "vertices": [
      {
       "x": 473,
       "y": 1733
      },
      {
       "x": 626,
       "y": 1733
      },
      {
       "x": 626,
       "y": 1769
      },
      {
       "x": 473,
       "y": 1769
      }
     ]
    },
    "description": "Chargeable",
    "score": 0.99,
    "line": 20,
    "__imgscaled": true,
    "x": 473,
    "y": 1733,
    "height": 36,
    "tag": ""
   },
   {
    "boundingPoly": {
     "vertices": [
      {
       "x": 628,
       "y": 1733
      },
      {
       "x": 667,
       "y": 1733
      },
      {
       "x": 667,
       "y": 1769
      },
      {
       "x": 628,
       "y": 1769
      }
     ]
    },
    "description": "(in",
    "score": 0.99,
    "line": 20,
    "__imgscaled": true,
    "x": 628,
    "y": 1733,
    "height": 36,
    "tag": ""
   },
   {
    "boundingPoly": {
     "vertices": [
      {
       "x": 665,
       "y": 1733
      },
      {
       "x": 759,
       "y": 1733
      },
      {
       "x": 759,
       "y": 1770
      },
      {
       "x": 665,
       "y": 1770
      }
     ]
    },
    "description": "words)",
    "score": 0.99,
    "line": 20,
    "__imgscaled": true,
    "x": 665,
    "y": 1733,
    "height": 37,
    "tag": ""
   },
   {
    "boundingPoly": {
     "vertices": [
      {
       "x": 1892,
       "y": 1743
      },
      {
       "x": 1924,
       "y": 1743
      },
      {
       "x": 1924,
       "y": 1776
      },
      {
       "x": 1892,
       "y": 1776
      }
     ]
    },
    "description": "E.",
    "score": 0.99,
    "line": 20,
    "__imgscaled": true,
    "x": 1892,
    "y": 1743,
    "height": 33,
    "tag": ""
   },
   {
    "boundingPoly": {
     "vertices": [
      {
       "x": 1929,
       "y": 1743
      },
      {
       "x": 1955,
       "y": 1743
      },
      {
       "x": 1955,
       "y": 1775
      },
      {
       "x": 1929,
       "y": 1775
      }
     ]
    },
    "description": "&",
    "score": 0.99,
    "line": 20,
    "__imgscaled": true,
    "x": 1929,
    "y": 1743,
    "height": 32,
    "tag": ""
   },
   {
    "boundingPoly": {
     "vertices": [
      {
       "x": 1958,
       "y": 1742
      },
      {
       "x": 2016,
       "y": 1742
      },
      {
       "x": 2016,
       "y": 1775
      },
      {
       "x": 1958,
       "y": 1775
      }
     ]
    },
    "description": "O.E",
    "score": 0.99,
    "line": 20,
    "__imgscaled": true,
    "x": 1958,
    "y": 1742,
    "height": 33,
    "tag": ""
   }
  ],
  [
   {
    "boundingPoly": {
     "vertices": [
      {
       "x": 369,
       "y": 1778
      },
      {
       "x": 432,
       "y": 1778
      },
      {
       "x": 432,
       "y": 1813
      },
      {
       "x": 369,
       "y": 1813
      }
     ]
    },
    "description": "INR",
    "score": 0.99,
    "line": 21,
    "__imgscaled": true,
    "x": 369,
    "y": 1778,
    "height": 35,
    "tag": ""
   },
   {
    "boundingPoly": {
     "vertices": [
      {
       "x": 435,
       "y": 1779
      },
      {
       "x": 509,
       "y": 1779
      },
      {
       "x": 509,
       "y": 1815
      },
      {
       "x": 435,
       "y": 1815
      }
     ]
    },
    "description": "Two",
    "score": 0.99,
    "line": 21,
    "__imgscaled": true,
    "x": 435,
    "y": 1779,
    "height": 36,
    "tag": ""
   },
   {
    "boundingPoly": {
     "vertices": [
      {
       "x": 511,
       "y": 1779
      },
      {
       "x": 679,
       "y": 1779
      },
      {
       "x": 679,
       "y": 1815
      },
      {
       "x": 511,
       "y": 1815
      }
     ]
    },
    "description": "Thousand",
    "score": 0.99,
    "line": 21,
    "__imgscaled": true,
    "x": 511,
    "y": 1779,
    "height": 36,
    "tag": ""
   },
   {
    "boundingPoly": {
     "vertices": [
      {
       "x": 683,
       "y": 1781
      },
      {
       "x": 760,
       "y": 1781
      },
      {
       "x": 760,
       "y": 1823
      },
      {
       "x": 683,
       "y": 1823
      }
     ]
    },
    "description": "Fifty",
    "score": 0.99,
    "line": 21,
    "__imgscaled": true,
    "x": 683,
    "y": 1781,
    "height": 42,
    "tag": ""
   },
   {
    "boundingPoly": {
     "vertices": [
      {
       "x": 764,
       "y": 1781
      },
      {
       "x": 868,
       "y": 1781
      },
      {
       "x": 868,
       "y": 1817
      },
      {
       "x": 764,
       "y": 1817
      }
     ]
    },
    "description": "Seven",
    "score": 0.99,
    "line": 21,
    "__imgscaled": true,
    "x": 764,
    "y": 1781,
    "height": 36,
    "tag": ""
   },
   {
    "boundingPoly": {
     "vertices": [
      {
       "x": 872,
       "y": 1784
      },
      {
       "x": 938,
       "y": 1784
      },
      {
       "x": 938,
       "y": 1818
      },
      {
       "x": 872,
       "y": 1818
      }
     ]
    },
    "description": "and",
    "score": 0.99,
    "line": 21,
    "__imgscaled": true,
    "x": 872,
    "y": 1784,
    "height": 34,
    "tag": ""
   },
   {
    "boundingPoly": {
     "vertices": [
      {
       "x": 943,
       "y": 1783
      },
      {
       "x": 1017,
       "y": 1783
      },
      {
       "x": 1017,
       "y": 1819
      },
      {
       "x": 943,
       "y": 1819
      }
     ]
    },
    "description": "Five",
    "score": 0.99,
    "line": 21,
    "__imgscaled": true,
    "x": 943,
    "y": 1783,
    "height": 36,
    "tag": ""
   },
   {
    "boundingPoly": {
     "vertices": [
      {
       "x": 1022,
       "y": 1785
      },
      {
       "x": 1112,
       "y": 1785
      },
      {
       "x": 1112,
       "y": 1824
      },
      {
       "x": 1022,
       "y": 1824
      }
     ]
    },
    "description": "paise",
    "score": 0.99,
    "line": 21,
    "__imgscaled": true,
    "x": 1022,
    "y": 1785,
    "height": 39,
    "tag": ""
   },
   {
    "boundingPoly": {
     "vertices": [
      {
       "x": 1116,
       "y": 1785
      },
      {
       "x": 1197,
       "y": 1785
      },
      {
       "x": 1197,
       "y": 1827
      },
      {
       "x": 1116,
       "y": 1827
      }
     ]
    },
    "description": "Only",
    "score": 0.99,
    "line": 21,
    "__imgscaled": true,
    "x": 1116,
    "y": 1785,
    "height": 42,
    "tag": ""
   }
  ],
  [
   {
    "boundingPoly": {
     "vertices": [
      {
       "x": 617,
       "y": 1831
      },
      {
       "x": 760,
       "y": 1831
      },
      {
       "x": 760,
       "y": 1864
      },
      {
       "x": 617,
       "y": 1864
      }
     ]
    },
    "description": "HSN\/SAC",
    "score": 0.99,
    "line": 22,
    "__imgscaled": true,
    "x": 617,
    "y": 1831,
    "height": 33,
    "tag": ""
   },
   {
    "boundingPoly": {
     "vertices": [
      {
       "x": 1072,
       "y": 1835
      },
      {
       "x": 1188,
       "y": 1835
      },
      {
       "x": 1188,
       "y": 1867
      },
      {
       "x": 1072,
       "y": 1867
      }
     ]
    },
    "description": "Taxable",
    "score": 0.99,
    "line": 22,
    "__imgscaled": true,
    "x": 1072,
    "y": 1835,
    "height": 32,
    "tag": ""
   },
   {
    "boundingPoly": {
     "vertices": [
      {
       "x": 1295,
       "y": 1837
      },
      {
       "x": 1398,
       "y": 1837
      },
      {
       "x": 1398,
       "y": 1870
      },
      {
       "x": 1295,
       "y": 1870
      }
     ]
    },
    "description": "Central",
    "score": 0.99,
    "line": 22,
    "__imgscaled": true,
    "x": 1295,
    "y": 1837,
    "height": 33,
    "tag": ""
   },
   {
    "boundingPoly": {
     "vertices": [
      {
       "x": 1400,
       "y": 1838
      },
      {
       "x": 1459,
       "y": 1838
      },
      {
       "x": 1459,
       "y": 1871
      },
      {
       "x": 1400,
       "y": 1871
      }
     ]
    },
    "description": "Tax",
    "score": 0.99,
    "line": 22,
    "__imgscaled": true,
    "x": 1400,
    "y": 1838,
    "height": 33,
    "tag": ""
   },
   {
    "boundingPoly": {
     "vertices": [
      {
       "x": 1613,
       "y": 1840
      },
      {
       "x": 1689,
       "y": 1840
      },
      {
       "x": 1689,
       "y": 1871
      },
      {
       "x": 1613,
       "y": 1871
      }
     ]
    },
    "description": "State",
    "score": 0.99,
    "line": 22,
    "__imgscaled": true,
    "x": 1613,
    "y": 1840,
    "height": 31,
    "tag": ""
   },
   {
    "boundingPoly": {
     "vertices": [
      {
       "x": 1693,
       "y": 1840
      },
      {
       "x": 1751,
       "y": 1840
      },
      {
       "x": 1751,
       "y": 1872
      },
      {
       "x": 1693,
       "y": 1872
      }
     ]
    },
    "description": "Tax",
    "score": 0.99,
    "line": 22,
    "__imgscaled": true,
    "x": 1693,
    "y": 1840,
    "height": 32,
    "tag": ""
   },
   {
    "boundingPoly": {
     "vertices": [
      {
       "x": 1889,
       "y": 1842
      },
      {
       "x": 1962,
       "y": 1842
      },
      {
       "x": 1962,
       "y": 1874
      },
      {
       "x": 1889,
       "y": 1874
      }
     ]
    },
    "description": "Total",
    "score": 0.99,
    "line": 22,
    "__imgscaled": true,
    "x": 1889,
    "y": 1842,
    "height": 32,
    "tag": ""
   }
  ],
  [
   {
    "boundingPoly": {
     "vertices": [
      {
       "x": 1090,
       "y": 1872
      },
      {
       "x": 1174,
       "y": 1872
      },
      {
       "x": 1174,
       "y": 1904
      },
      {
       "x": 1090,
       "y": 1904
      }
     ]
    },
    "description": "Value",
    "score": 0.99,
    "line": 23,
    "__imgscaled": true,
    "x": 1090,
    "y": 1872,
    "height": 32,
    "tag": ""
   },
   {
    "boundingPoly": {
     "vertices": [
      {
       "x": 1248,
       "y": 1874
      },
      {
       "x": 1318,
       "y": 1874
      },
      {
       "x": 1318,
       "y": 1906
      },
      {
       "x": 1248,
       "y": 1906
      }
     ]
    },
    "description": "Rate",
    "score": 0.99,
    "line": 23,
    "__imgscaled": true,
    "x": 1248,
    "y": 1874,
    "height": 32,
    "tag": ""
   },
   {
    "boundingPoly": {
     "vertices": [
      {
       "x": 1376,
       "y": 1876
      },
      {
       "x": 1491,
       "y": 1876
      },
      {
       "x": 1491,
       "y": 1907
      },
      {
       "x": 1376,
       "y": 1907
      }
     ]
    },
    "description": "Amount",
    "score": 0.99,
    "line": 23,
    "__imgscaled": true,
    "x": 1376,
    "y": 1876,
    "height": 31,
    "tag": ""
   },
   {
    "boundingPoly": {
     "vertices": [
      {
       "x": 1551,
       "y": 1877
      },
      {
       "x": 1621,
       "y": 1877
      },
      {
       "x": 1621,
       "y": 1909
      },
      {
       "x": 1551,
       "y": 1909
      }
     ]
    },
    "description": "Rate",
    "score": 0.99,
    "line": 23,
    "__imgscaled": true,
    "x": 1551,
    "y": 1877,
    "height": 32,
    "tag": ""
   },
   {
    "boundingPoly": {
     "vertices": [
      {
       "x": 1679,
       "y": 1878
      },
      {
       "x": 1795,
       "y": 1878
      },
      {
       "x": 1795,
       "y": 1909
      },
      {
       "x": 1679,
       "y": 1909
      }
     ]
    },
    "description": "Amount",
    "score": 0.99,
    "line": 23,
    "__imgscaled": true,
    "x": 1679,
    "y": 1878,
    "height": 31,
    "tag": ""
   },
   {
    "boundingPoly": {
     "vertices": [
      {
       "x": 1841,
       "y": 1878
      },
      {
       "x": 1899,
       "y": 1878
      },
      {
       "x": 1899,
       "y": 1910
      },
      {
       "x": 1841,
       "y": 1910
      }
     ]
    },
    "description": "Tax",
    "score": 0.99,
    "line": 23,
    "__imgscaled": true,
    "x": 1841,
    "y": 1878,
    "height": 32,
    "tag": ""
   },
   {
    "boundingPoly": {
     "vertices": [
      {
       "x": 1899,
       "y": 1880
      },
      {
       "x": 2011,
       "y": 1880
      },
      {
       "x": 2011,
       "y": 1912
      },
      {
       "x": 1899,
       "y": 1912
      }
     ]
    },
    "description": "Amount",
    "score": 0.99,
    "line": 23,
    "__imgscaled": true,
    "x": 1899,
    "y": 1880,
    "height": 32,
    "tag": ""
   }
  ],
  [
   {
    "boundingPoly": {
     "vertices": [
      {
       "x": 368,
       "y": 1903
      },
      {
       "x": 441,
       "y": 1903
      },
      {
       "x": 441,
       "y": 1934
      },
      {
       "x": 368,
       "y": 1934
      }
     ]
    },
    "description": "8443",
    "score": 0.99,
    "line": 24,
    "__imgscaled": true,
    "x": 368,
    "y": 1903,
    "height": 31,
    "tag": ""
   },
   {
    "boundingPoly": {
     "vertices": [
      {
       "x": 1096,
       "y": 1909
      },
      {
       "x": 1221,
       "y": 1909
      },
      {
       "x": 1221,
       "y": 1942
      },
      {
       "x": 1096,
       "y": 1942
      }
     ]
    },
    "description": "1.743.27",
    "score": 0.9,
    "line": 24,
    "__imgscaled": true,
    "x": 1096,
    "y": 1909,
    "height": 33,
    "tag": ""
   },
   {
    "boundingPoly": {
     "vertices": [
      {
       "x": 1282,
       "y": 1910
      },
      {
       "x": 1332,
       "y": 1910
      },
      {
       "x": 1332,
       "y": 1943
      },
      {
       "x": 1282,
       "y": 1943
      }
     ]
    },
    "description": "9%",
    "score": 0.99,
    "line": 24,
    "__imgscaled": true,
    "x": 1282,
    "y": 1910,
    "height": 33,
    "tag": "tax"
   },
   {
    "boundingPoly": {
     "vertices": [
      {
       "x": 1424,
       "y": 1912
      },
      {
       "x": 1520,
       "y": 1912
      },
      {
       "x": 1520,
       "y": 1944
      },
      {
       "x": 1424,
       "y": 1944
      }
     ]
    },
    "description": "156.89",
    "score": 0.99,
    "line": 24,
    "__imgscaled": true,
    "x": 1424,
    "y": 1912,
    "height": 32,
    "tag": ""
   },
   {
    "boundingPoly": {
     "vertices": [
      {
       "x": 1586,
       "y": 1913
      },
      {
       "x": 1635,
       "y": 1913
      },
      {
       "x": 1635,
       "y": 1946
      },
      {
       "x": 1586,
       "y": 1946
      }
     ]
    },
    "description": "9%",
    "score": 0.99,
    "line": 24,
    "__imgscaled": true,
    "x": 1586,
    "y": 1913,
    "height": 33,
    "tag": ""
   },
   {
    "boundingPoly": {
     "vertices": [
      {
       "x": 1728,
       "y": 1915
      },
      {
       "x": 1825,
       "y": 1915
      },
      {
       "x": 1825,
       "y": 1948
      },
      {
       "x": 1728,
       "y": 1948
      }
     ]
    },
    "description": "156.89",
    "score": 0.99,
    "line": 24,
    "__imgscaled": true,
    "x": 1728,
    "y": 1915,
    "height": 33,
    "tag": ""
   },
   {
    "boundingPoly": {
     "vertices": [
      {
       "x": 1916,
       "y": 1917
      },
      {
       "x": 2014,
       "y": 1917
      },
      {
       "x": 2014,
       "y": 1949
      },
      {
       "x": 1916,
       "y": 1949
      }
     ]
    },
    "description": "313.78",
    "score": 0.99,
    "line": 24,
    "__imgscaled": true,
    "x": 1916,
    "y": 1917,
    "height": 32,
    "tag": ""
   }
  ],
  [
   {
    "boundingPoly": {
     "vertices": [
      {
       "x": 951,
       "y": 1946
      },
      {
       "x": 1032,
       "y": 1946
      },
      {
       "x": 1032,
       "y": 1979
      },
      {
       "x": 951,
       "y": 1979
      }
     ]
    },
    "description": "Total",
    "score": 0.99,
    "line": 25,
    "__imgscaled": true,
    "x": 951,
    "y": 1946,
    "height": 33,
    "tag": ""
   },
   {
    "boundingPoly": {
     "vertices": [
      {
       "x": 1097,
       "y": 1947
      },
      {
       "x": 1220,
       "y": 1947
      },
      {
       "x": 1220,
       "y": 1982
      },
      {
       "x": 1097,
       "y": 1982
      }
     ]
    },
    "description": "1,743.27",
    "score": 0.99,
    "line": 25,
    "__imgscaled": true,
    "x": 1097,
    "y": 1947,
    "height": 35,
    "tag": "total"
   },
   {
    "boundingPoly": {
     "vertices": [
      {
       "x": 1423,
       "y": 1951
      },
      {
       "x": 1522,
       "y": 1951
      },
      {
       "x": 1522,
       "y": 1984
      },
      {
       "x": 1423,
       "y": 1984
      }
     ]
    },
    "description": "156.89",
    "score": 0.99,
    "line": 25,
    "__imgscaled": true,
    "x": 1423,
    "y": 1951,
    "height": 33,
    "tag": ""
   },
   {
    "boundingPoly": {
     "vertices": [
      {
       "x": 1726,
       "y": 1953
      },
      {
       "x": 1824,
       "y": 1953
      },
      {
       "x": 1824,
       "y": 1986
      },
      {
       "x": 1726,
       "y": 1986
      }
     ]
    },
    "description": "156.89",
    "score": 0.99,
    "line": 25,
    "__imgscaled": true,
    "x": 1726,
    "y": 1953,
    "height": 33,
    "tag": ""
   },
   {
    "boundingPoly": {
     "vertices": [
      {
       "x": 1915,
       "y": 1956
      },
      {
       "x": 2012,
       "y": 1956
      },
      {
       "x": 2012,
       "y": 1987
      },
      {
       "x": 1915,
       "y": 1987
      }
     ]
    },
    "description": "313.78",
    "score": 0.99,
    "line": 25,
    "__imgscaled": true,
    "x": 1915,
    "y": 1956,
    "height": 31,
    "tag": ""
   }
  ],
  [
   {
    "boundingPoly": {
     "vertices": [
      {
       "x": 366,
       "y": 1998
      },
      {
       "x": 421,
       "y": 1998
      },
      {
       "x": 421,
       "y": 2031
      },
      {
       "x": 366,
       "y": 2031
      }
     ]
    },
    "description": "Tax",
    "score": 0.99,
    "line": 26,
    "__imgscaled": true,
    "x": 366,
    "y": 1998,
    "height": 33,
    "tag": ""
   },
   {
    "boundingPoly": {
     "vertices": [
      {
       "x": 421,
       "y": 2000
      },
      {
       "x": 527,
       "y": 2000
      },
      {
       "x": 527,
       "y": 2032
      },
      {
       "x": 421,
       "y": 2032
      }
     ]
    },
    "description": "Amount",
    "score": 0.99,
    "line": 26,
    "__imgscaled": true,
    "x": 421,
    "y": 2000,
    "height": 32,
    "tag": ""
   },
   {
    "boundingPoly": {
     "vertices": [
      {
       "x": 529,
       "y": 1999
      },
      {
       "x": 566,
       "y": 1999
      },
      {
       "x": 566,
       "y": 2037
      },
      {
       "x": 529,
       "y": 2037
      }
     ]
    },
    "description": "(in",
    "score": 0.99,
    "line": 26,
    "__imgscaled": true,
    "x": 529,
    "y": 1999,
    "height": 38,
    "tag": ""
   },
   {
    "boundingPoly": {
     "vertices": [
      {
       "x": 566,
       "y": 2000
      },
      {
       "x": 657,
       "y": 2000
      },
      {
       "x": 657,
       "y": 2037
      },
      {
       "x": 566,
       "y": 2037
      }
     ]
    },
    "description": "words)",
    "score": 0.99,
    "line": 26,
    "__imgscaled": true,
    "x": 566,
    "y": 2000,
    "height": 37,
    "tag": ""
   },
   {
    "boundingPoly": {
     "vertices": [
      {
       "x": 670,
       "y": 2003
      },
      {
       "x": 684,
       "y": 2003
      },
      {
       "x": 684,
       "y": 2036
      },
      {
       "x": 670,
       "y": 2036
      }
     ]
    },
    "description": ":",
    "score": 0.99,
    "line": 26,
    "__imgscaled": true,
    "x": 670,
    "y": 2003,
    "height": 33,
    "tag": ""
   },
   {
    "boundingPoly": {
     "vertices": [
      {
       "x": 696,
       "y": 2003
      },
      {
       "x": 761,
       "y": 2003
      },
      {
       "x": 761,
       "y": 2038
      },
      {
       "x": 696,
       "y": 2038
      }
     ]
    },
    "description": "INR",
    "score": 0.99,
    "line": 26,
    "__imgscaled": true,
    "x": 696,
    "y": 2003,
    "height": 35,
    "tag": ""
   },
   {
    "boundingPoly": {
     "vertices": [
      {
       "x": 763,
       "y": 2004
      },
      {
       "x": 862,
       "y": 2004
      },
      {
       "x": 862,
       "y": 2038
      },
      {
       "x": 763,
       "y": 2038
      }
     ]
    },
    "description": "Three",
    "score": 0.99,
    "line": 26,
    "__imgscaled": true,
    "x": 763,
    "y": 2004,
    "height": 34,
    "tag": ""
   },
   {
    "boundingPoly": {
     "vertices": [
      {
       "x": 867,
       "y": 2005
      },
      {
       "x": 1011,
       "y": 2005
      },
      {
       "x": 1011,
       "y": 2039
      },
      {
       "x": 867,
       "y": 2039
      }
     ]
    },
    "description": "Hundred",
    "score": 0.99,
    "line": 26,
    "__imgscaled": true,
    "x": 867,
    "y": 2005,
    "height": 34,
    "tag": ""
   },
   {
    "boundingPoly": {
     "vertices": [
      {
       "x": 1013,
       "y": 2006
      },
      {
       "x": 1155,
       "y": 2006
      },
      {
       "x": 1155,
       "y": 2042
      },
      {
       "x": 1013,
       "y": 2042
      }
     ]
    },
    "description": "Thirteen",
    "score": 0.99,
    "line": 26,
    "__imgscaled": true,
    "x": 1013,
    "y": 2006,
    "height": 36,
    "tag": ""
   },
   {
    "boundingPoly": {
     "vertices": [
      {
       "x": 1158,
       "y": 2008
      },
      {
       "x": 1224,
       "y": 2008
      },
      {
       "x": 1224,
       "y": 2042
      },
      {
       "x": 1158,
       "y": 2042
      }
     ]
    },
    "description": "and",
    "score": 0.99,
    "line": 26,
    "__imgscaled": true,
    "x": 1158,
    "y": 2008,
    "height": 34,
    "tag": ""
   },
   {
    "boundingPoly": {
     "vertices": [
      {
       "x": 1227,
       "y": 2008
      },
      {
       "x": 1361,
       "y": 2008
      },
      {
       "x": 1361,
       "y": 2050
      },
      {
       "x": 1227,
       "y": 2050
      }
     ]
    },
    "description": "Seventy",
    "score": 0.99,
    "line": 26,
    "__imgscaled": true,
    "x": 1227,
    "y": 2008,
    "height": 42,
    "tag": ""
   },
   {
    "boundingPoly": {
     "vertices": [
      {
       "x": 1366,
       "y": 2010
      },
      {
       "x": 1457,
       "y": 2010
      },
      {
       "x": 1457,
       "y": 2050
      },
      {
       "x": 1366,
       "y": 2050
      }
     ]
    },
    "description": "Eight",
    "score": 0.99,
    "line": 26,
    "__imgscaled": true,
    "x": 1366,
    "y": 2010,
    "height": 40,
    "tag": ""
   },
   {
    "boundingPoly": {
     "vertices": [
      {
       "x": 1460,
       "y": 2012
      },
      {
       "x": 1551,
       "y": 2012
      },
      {
       "x": 1551,
       "y": 2051
      },
      {
       "x": 1460,
       "y": 2051
      }
     ]
    },
    "description": "paise",
    "score": 0.99,
    "line": 26,
    "__imgscaled": true,
    "x": 1460,
    "y": 2012,
    "height": 39,
    "tag": ""
   },
   {
    "boundingPoly": {
     "vertices": [
      {
       "x": 1554,
       "y": 2011
      },
      {
       "x": 1630,
       "y": 2011
      },
      {
       "x": 1630,
       "y": 2046
      },
      {
       "x": 1554,
       "y": 2046
      }
     ]
    },
    "description": "Ont",
    "score": 0.77,
    "line": 26,
    "__imgscaled": true,
    "x": 1554,
    "y": 2011,
    "height": 35,
    "tag": ""
   }
  ],
  [
   {
    "boundingPoly": {
     "vertices": [
      {
       "x": 1608,
       "y": 2035
      },
      {
       "x": 1800,
       "y": 2035
      },
      {
       "x": 1800,
       "y": 2075
      },
      {
       "x": 1608,
       "y": 2075
      }
     ]
    },
    "description": "Received",
    "score": 0.99,
    "line": 27,
    "__imgscaled": true,
    "x": 1608,
    "y": 2035,
    "height": 40,
    "tag": ""
   },
   {
    "boundingPoly": {
     "vertices": [
      {
       "x": 1807,
       "y": 2037
      },
      {
       "x": 1875,
       "y": 2037
      },
      {
       "x": 1875,
       "y": 2077
      },
      {
       "x": 1807,
       "y": 2077
      }
     ]
    },
    "description": "for",
    "score": 0.99,
    "line": 27,
    "__imgscaled": true,
    "x": 1807,
    "y": 2037,
    "height": 40,
    "tag": ""
   },
   {
    "boundingPoly": {
     "vertices": [
      {
       "x": 1883,
       "y": 2038
      },
      {
       "x": 2074,
       "y": 2038
      },
      {
       "x": 2074,
       "y": 2089
      },
      {
       "x": 1883,
       "y": 2089
      }
     ]
    },
    "description": "Scarning",
    "score": 0.56,
    "line": 27,
    "__imgscaled": true,
    "x": 1883,
    "y": 2038,
    "height": 51,
    "tag": ""
   }
  ],
  [
   {
    "boundingPoly": {
     "vertices": [
      {
       "x": 364,
       "y": 2263
      },
      {
       "x": 522,
       "y": 2263
      },
      {
       "x": 522,
       "y": 2303
      },
      {
       "x": 364,
       "y": 2303
      }
     ]
    },
    "description": "Company's",
    "score": 0.99,
    "line": 28,
    "__imgscaled": true,
    "x": 364,
    "y": 2263,
    "height": 40,
    "tag": ""
   },
   {
    "boundingPoly": {
     "vertices": [
      {
       "x": 525,
       "y": 2265
      },
      {
       "x": 592,
       "y": 2265
      },
      {
       "x": 592,
       "y": 2296
      },
      {
       "x": 525,
       "y": 2296
      }
     ]
    },
    "description": "PAN",
    "score": 0.99,
    "line": 28,
    "__imgscaled": true,
    "x": 525,
    "y": 2265,
    "height": 31,
    "tag": ""
   },
   {
    "boundingPoly": {
     "vertices": [
      {
       "x": 726,
       "y": 2272
      },
      {
       "x": 737,
       "y": 2272
      },
      {
       "x": 737,
       "y": 2299
      },
      {
       "x": 726,
       "y": 2299
      }
     ]
    },
    "description": ":",
    "score": 0.99,
    "line": 28,
    "__imgscaled": true,
    "x": 726,
    "y": 2272,
    "height": 27,
    "tag": ""
   },
   {
    "boundingPoly": {
     "vertices": [
      {
       "x": 749,
       "y": 2269
      },
      {
       "x": 954,
       "y": 2269
      },
      {
       "x": 954,
       "y": 2302
      },
      {
       "x": 749,
       "y": 2302
      }
     ]
    },
    "description": "ABCFA7129H",
    "score": 0.99,
    "line": 28,
    "__imgscaled": true,
    "x": 749,
    "y": 2269,
    "height": 33,
    "tag": ""
   }
  ],
  [
   {
    "boundingPoly": {
     "vertices": [
      {
       "x": 367,
       "y": 2310
      },
      {
       "x": 515,
       "y": 2310
      },
      {
       "x": 515,
       "y": 2342
      },
      {
       "x": 367,
       "y": 2342
      }
     ]
    },
    "description": "Declaration",
    "score": 0.97,
    "line": 29,
    "__imgscaled": true,
    "x": 367,
    "y": 2310,
    "height": 32,
    "tag": ""
   },
   {
    "boundingPoly": {
     "vertices": [
      {
       "x": 1484,
       "y": 2323
      },
      {
       "x": 1530,
       "y": 2323
      },
      {
       "x": 1530,
       "y": 2356
      },
      {
       "x": 1484,
       "y": 2356
      }
     ]
    },
    "description": "for",
    "score": 0.99,
    "line": 29,
    "__imgscaled": true,
    "x": 1484,
    "y": 2323,
    "height": 33,
    "tag": ""
   },
   {
    "boundingPoly": {
     "vertices": [
      {
       "x": 1530,
       "y": 2325
      },
      {
       "x": 1562,
       "y": 2325
      },
      {
       "x": 1562,
       "y": 2357
      },
      {
       "x": 1530,
       "y": 2357
      }
     ]
    },
    "description": "Al",
    "score": 0.98,
    "line": 29,
    "__imgscaled": true,
    "x": 1530,
    "y": 2325,
    "height": 32,
    "tag": ""
   }
  ],
  [
   {
    "boundingPoly": {
     "vertices": [
      {
       "x": 366,
       "y": 2346
      },
      {
       "x": 417,
       "y": 2346
      },
      {
       "x": 417,
       "y": 2378
      },
      {
       "x": 366,
       "y": 2378
      }
     ]
    },
    "description": "We",
    "score": 0.99,
    "line": 30,
    "__imgscaled": true,
    "x": 366,
    "y": 2346,
    "height": 32,
    "tag": ""
   },
   {
    "boundingPoly": {
     "vertices": [
      {
       "x": 420,
       "y": 2347
      },
      {
       "x": 527,
       "y": 2347
      },
      {
       "x": 527,
       "y": 2379
      },
      {
       "x": 420,
       "y": 2379
      }
     ]
    },
    "description": "declare",
    "score": 0.99,
    "line": 30,
    "__imgscaled": true,
    "x": 420,
    "y": 2347,
    "height": 32,
    "tag": ""
   },
   {
    "boundingPoly": {
     "vertices": [
      {
       "x": 529,
       "y": 2349
      },
      {
       "x": 587,
       "y": 2349
      },
      {
       "x": 587,
       "y": 2380
      },
      {
       "x": 529,
       "y": 2380
      }
     ]
    },
    "description": "that",
    "score": 0.99,
    "line": 30,
    "__imgscaled": true,
    "x": 529,
    "y": 2349,
    "height": 31,
    "tag": ""
   },
   {
    "boundingPoly": {
     "vertices": [
      {
       "x": 588,
       "y": 2349
      },
      {
       "x": 642,
       "y": 2349
      },
      {
       "x": 642,
       "y": 2381
      },
      {
       "x": 588,
       "y": 2381
      }
     ]
    },
    "description": "this",
    "score": 0.99,
    "line": 30,
    "__imgscaled": true,
    "x": 588,
    "y": 2349,
    "height": 32,
    "tag": ""
   },
   {
    "boundingPoly": {
     "vertices": [
      {
       "x": 644,
       "y": 2350
      },
      {
       "x": 746,
       "y": 2350
      },
      {
       "x": 746,
       "y": 2381
      },
      {
       "x": 644,
       "y": 2381
      }
     ]
    },
    "description": "invoice",
    "score": 0.99,
    "line": 30,
    "__imgscaled": true,
    "x": 644,
    "y": 2350,
    "height": 31,
    "tag": ""
   },
   {
    "boundingPoly": {
     "vertices": [
      {
       "x": 749,
       "y": 2351
      },
      {
       "x": 841,
       "y": 2351
      },
      {
       "x": 841,
       "y": 2384
      },
      {
       "x": 749,
       "y": 2384
      }
     ]
    },
    "description": "shows",
    "score": 0.98,
    "line": 30,
    "__imgscaled": true,
    "x": 749,
    "y": 2351,
    "height": 33,
    "tag": ""
   },
   {
    "boundingPoly": {
     "vertices": [
      {
       "x": 845,
       "y": 2352
      },
      {
       "x": 893,
       "y": 2352
      },
      {
       "x": 893,
       "y": 2384
      },
      {
       "x": 845,
       "y": 2384
      }
     ]
    },
    "description": "the",
    "score": 0.98,
    "line": 30,
    "__imgscaled": true,
    "x": 845,
    "y": 2352,
    "height": 32,
    "tag": ""
   },
   {
    "boundingPoly": {
     "vertices": [
      {
       "x": 897,
       "y": 2353
      },
      {
       "x": 984,
       "y": 2353
      },
      {
       "x": 984,
       "y": 2385
      },
      {
       "x": 897,
       "y": 2385
      }
     ]
    },
    "description": "actual",
    "score": 0.99,
    "line": 30,
    "__imgscaled": true,
    "x": 897,
    "y": 2353,
    "height": 32,
    "tag": ""
   },
   {
    "boundingPoly": {
     "vertices": [
      {
       "x": 988,
       "y": 2355
      },
      {
       "x": 1060,
       "y": 2355
      },
      {
       "x": 1060,
       "y": 2391
      },
      {
       "x": 988,
       "y": 2391
      }
     ]
    },
    "description": "price",
    "score": 0.98,
    "line": 30,
    "__imgscaled": true,
    "x": 988,
    "y": 2355,
    "height": 36,
    "tag": ""
   },
   {
    "boundingPoly": {
     "vertices": [
      {
       "x": 1063,
       "y": 2354
      },
      {
       "x": 1097,
       "y": 2354
      },
      {
       "x": 1097,
       "y": 2386
      },
      {
       "x": 1063,
       "y": 2386
      }
     ]
    },
    "description": "of",
    "score": 0.99,
    "line": 30,
    "__imgscaled": true,
    "x": 1063,
    "y": 2354,
    "height": 32,
    "tag": ""
   },
   {
    "boundingPoly": {
     "vertices": [
      {
       "x": 1098,
       "y": 2354
      },
      {
       "x": 1145,
       "y": 2354
      },
      {
       "x": 1145,
       "y": 2388
      },
      {
       "x": 1098,
       "y": 2388
      }
     ]
    },
    "description": "the",
    "score": 0.99,
    "line": 30,
    "__imgscaled": true,
    "x": 1098,
    "y": 2354,
    "height": 34,
    "tag": ""
   }
  ],
  [
   {
    "boundingPoly": {
     "vertices": [
      {
       "x": 366,
       "y": 2384
      },
      {
       "x": 453,
       "y": 2384
      },
      {
       "x": 453,
       "y": 2420
      },
      {
       "x": 366,
       "y": 2420
      }
     ]
    },
    "description": "goods",
    "score": 0.99,
    "line": 31,
    "__imgscaled": true,
    "x": 366,
    "y": 2384,
    "height": 36,
    "tag": ""
   },
   {
    "boundingPoly": {
     "vertices": [
      {
       "x": 457,
       "y": 2384
      },
      {
       "x": 594,
       "y": 2384
      },
      {
       "x": 594,
       "y": 2416
      },
      {
       "x": 457,
       "y": 2416
      }
     ]
    },
    "description": "described",
    "score": 0.99,
    "line": 31,
    "__imgscaled": true,
    "x": 457,
    "y": 2384,
    "height": 32,
    "tag": ""
   },
   {
    "boundingPoly": {
     "vertices": [
      {
       "x": 598,
       "y": 2387
      },
      {
       "x": 654,
       "y": 2387
      },
      {
       "x": 654,
       "y": 2417
      },
      {
       "x": 598,
       "y": 2417
      }
     ]
    },
    "description": "and",
    "score": 0.99,
    "line": 31,
    "__imgscaled": true,
    "x": 598,
    "y": 2387,
    "height": 30,
    "tag": ""
   },
   {
    "boundingPoly": {
     "vertices": [
      {
       "x": 657,
       "y": 2387
      },
      {
       "x": 716,
       "y": 2387
      },
      {
       "x": 716,
       "y": 2418
      },
      {
       "x": 657,
       "y": 2418
      }
     ]
    },
    "description": "that",
    "score": 0.99,
    "line": 31,
    "__imgscaled": true,
    "x": 657,
    "y": 2387,
    "height": 31,
    "tag": ""
   },
   {
    "boundingPoly": {
     "vertices": [
      {
       "x": 717,
       "y": 2387
      },
      {
       "x": 754,
       "y": 2387
      },
      {
       "x": 754,
       "y": 2416
      },
      {
       "x": 717,
       "y": 2416
      }
     ]
    },
    "description": "all",
    "score": 0.99,
    "line": 31,
    "__imgscaled": true,
    "x": 717,
    "y": 2387,
    "height": 29,
    "tag": ""
   },
   {
    "boundingPoly": {
     "vertices": [
      {
       "x": 757,
       "y": 2388
      },
      {
       "x": 905,
       "y": 2388
      },
      {
       "x": 905,
       "y": 2418
      },
      {
       "x": 757,
       "y": 2418
      }
     ]
    },
    "description": "particulars",
    "score": 0.94,
    "line": 31,
    "__imgscaled": true,
    "x": 757,
    "y": 2388,
    "height": 30,
    "tag": ""
   },
   {
    "boundingPoly": {
     "vertices": [
      {
       "x": 908,
       "y": 2394
      },
      {
       "x": 958,
       "y": 2394
      },
      {
       "x": 958,
       "y": 2417
      },
      {
       "x": 908,
       "y": 2417
      }
     ]
    },
    "description": "are",
    "score": 0.98,
    "line": 31,
    "__imgscaled": true,
    "x": 908,
    "y": 2394,
    "height": 23,
    "tag": ""
   },
   {
    "boundingPoly": {
     "vertices": [
      {
       "x": 961,
       "y": 2391
      },
      {
       "x": 1019,
       "y": 2391
      },
      {
       "x": 1019,
       "y": 2420
      },
      {
       "x": 961,
       "y": 2420
      }
     ]
    },
    "description": "true",
    "score": 0.99,
    "line": 31,
    "__imgscaled": true,
    "x": 961,
    "y": 2391,
    "height": 29,
    "tag": ""
   },
   {
    "boundingPoly": {
     "vertices": [
      {
       "x": 1023,
       "y": 2391
      },
      {
       "x": 1079,
       "y": 2391
      },
      {
       "x": 1079,
       "y": 2421
      },
      {
       "x": 1023,
       "y": 2421
      }
     ]
    },
    "description": "and",
    "score": 0.99,
    "line": 31,
    "__imgscaled": true,
    "x": 1023,
    "y": 2391,
    "height": 30,
    "tag": ""
   }
  ],
  [
   {
    "boundingPoly": {
     "vertices": [
      {
       "x": 363,
       "y": 2421
      },
      {
       "x": 470,
       "y": 2421
      },
      {
       "x": 470,
       "y": 2451
      },
      {
       "x": 363,
       "y": 2451
      }
     ]
    },
    "description": "correct.",
    "score": 0.99,
    "line": 32,
    "__imgscaled": true,
    "x": 363,
    "y": 2421,
    "height": 30,
    "tag": ""
   }
  ],
  [
   {
    "boundingPoly": {
     "vertices": [
      {
       "x": 1984,
       "y": 2449
      },
      {
       "x": 2018,
       "y": 2449
      },
      {
       "x": 2018,
       "y": 2484
      },
      {
       "x": 1984,
       "y": 2484
      }
     ]
    },
    "description": "ry",
    "score": 0.96,
    "line": 33,
    "__imgscaled": true,
    "x": 1984,
    "y": 2449,
    "height": 35,
    "tag": ""
   }
  ],
  [
   {
    "boundingPoly": {
     "vertices": [
      {
       "x": 985,
       "y": 2489
      },
      {
       "x": 1013,
       "y": 2489
      },
      {
       "x": 1013,
       "y": 2519
      },
      {
       "x": 985,
       "y": 2519
      }
     ]
    },
    "description": "is",
    "score": 0.99,
    "line": 34,
    "__imgscaled": true,
    "x": 985,
    "y": 2489,
    "height": 30,
    "tag": ""
   },
   {
    "boundingPoly": {
     "vertices": [
      {
       "x": 1015,
       "y": 2493
      },
      {
       "x": 1039,
       "y": 2493
      },
      {
       "x": 1039,
       "y": 2521
      },
      {
       "x": 1015,
       "y": 2521
      }
     ]
    },
    "description": "a",
    "score": 0.99,
    "line": 34,
    "__imgscaled": true,
    "x": 1015,
    "y": 2493,
    "height": 28,
    "tag": ""
   },
   {
    "boundingPoly": {
     "vertices": [
      {
       "x": 1042,
       "y": 2487
      },
      {
       "x": 1183,
       "y": 2487
      },
      {
       "x": 1183,
       "y": 2527
      },
      {
       "x": 1042,
       "y": 2527
      }
     ]
    },
    "description": "Computer",
    "score": 0.99,
    "line": 34,
    "__imgscaled": true,
    "x": 1042,
    "y": 2487,
    "height": 40,
    "tag": ""
   },
   {
    "boundingPoly": {
     "vertices": [
      {
       "x": 1184,
       "y": 2492
      },
      {
       "x": 1335,
       "y": 2492
      },
      {
       "x": 1335,
       "y": 2525
      },
      {
       "x": 1184,
       "y": 2525
      }
     ]
    },
    "description": "Generated",
    "score": 0.99,
    "line": 34,
    "__imgscaled": true,
    "x": 1184,
    "y": 2492,
    "height": 33,
    "tag": ""
   },
   {
    "boundingPoly": {
     "vertices": [
      {
       "x": 1338,
       "y": 2493
      },
      {
       "x": 1440,
       "y": 2493
      },
      {
       "x": 1440,
       "y": 2527
      },
      {
       "x": 1338,
       "y": 2527
      }
     ]
    },
    "description": "Invoice",
    "score": 0.99,
    "line": 34,
    "__imgscaled": true,
    "x": 1338,
    "y": 2493,
    "height": 34,
    "tag": ""
   }
  ]
 ],
 "manual_edit": {
  "fields": [

  ]
 },
 "schema": [
  "date",
  "tax",
  "total",
  "invoice-no",
  "description",
  "unit-price",
  "net-amount",
  "name",
  "quantity",
  "line-amount"
 ],
 "subset": "TRAIN"
}